file_date,epo granted,po stay granted,po def granted,epo denied,po stay denied,po def denied
2017-01-01,23,2,NA,NA,NA,NA
2017-01-02,26,2,NA,NA,NA,NA
2017-01-03,14,3,NA,NA,NA,NA
2017-01-04,14,6,NA,NA,NA,NA
2017-01-05,19,2,NA,NA,NA,NA
2017-01-06,12,3,NA,NA,NA,NA
2017-01-07,12,9,NA,NA,NA,NA
2017-01-08,17,6,NA,NA,NA,NA
2017-01-09,21,6,NA,NA,NA,NA
2017-01-10,22,3,NA,NA,NA,NA
2017-01-11,23,5,NA,NA,NA,NA
2017-01-12,21,7,NA,NA,NA,NA
2017-01-13,25,14,NA,NA,NA,NA
2017-01-14,20,2,NA,NA,NA,NA
2017-01-15,20,4,NA,NA,NA,NA
2017-01-16,27,NA,NA,NA,NA,NA
2017-01-17,15,5,NA,NA,NA,NA
2017-01-18,21,7,NA,NA,NA,NA
2017-01-19,19,18,NA,NA,NA,NA
2017-01-20,17,3,NA,NA,NA,NA
2017-01-21,20,3,NA,NA,NA,NA
2017-01-22,30,9,NA,NA,NA,NA
2017-01-23,27,11,NA,NA,NA,NA
2017-01-24,22,7,NA,NA,NA,NA
2017-01-25,16,NA,NA,NA,NA,NA
2017-01-26,16,6,NA,NA,NA,NA
2017-01-27,22,12,NA,NA,NA,NA
2017-01-28,19,NA,NA,NA,NA,NA
2017-01-29,17,4,NA,NA,NA,NA
2017-01-30,24,7,NA,NA,NA,NA
2017-01-31,30,11,NA,NA,NA,NA
2017-02-01,21,2,NA,NA,NA,NA
2017-02-02,14,18,NA,NA,NA,NA
2017-02-03,20,7,NA,NA,NA,NA
2017-02-04,18,6,NA,NA,NA,NA
2017-02-05,20,2,NA,NA,NA,NA
2017-02-06,34,6,NA,NA,NA,NA
2017-02-07,13,10,NA,NA,NA,NA
2017-02-08,29,7,NA,NA,NA,NA
2017-02-09,20,11,NA,NA,NA,NA
2017-02-10,19,18,NA,NA,NA,NA
2017-02-11,27,6,NA,NA,NA,NA
2017-02-12,32,10,1,NA,NA,NA
2017-02-13,18,2,1,NA,NA,NA
2017-02-14,18,8,NA,NA,NA,NA
2017-02-15,18,3,NA,NA,NA,NA
2017-02-16,16,8,NA,NA,NA,NA
2017-02-17,19,12,NA,NA,NA,NA
2017-02-18,25,6,NA,NA,NA,NA
2017-02-19,21,1,NA,NA,NA,NA
2017-02-20,27,3,NA,NA,NA,NA
2017-02-21,27,7,NA,NA,NA,NA
2017-02-22,19,10,NA,NA,NA,NA
2017-02-23,26,7,NA,NA,NA,NA
2017-02-24,22,10,NA,NA,NA,NA
2017-02-25,16,5,NA,NA,NA,NA
2017-02-26,21,2,NA,NA,NA,NA
2017-02-27,24,11,NA,NA,NA,NA
2017-02-28,20,2,NA,NA,NA,NA
2017-03-01,22,10,NA,NA,NA,NA
2017-03-02,20,13,NA,NA,NA,NA
2017-03-03,23,5,1,NA,NA,NA
2017-03-04,25,11,NA,NA,NA,NA
2017-03-05,19,1,NA,NA,NA,NA
2017-03-06,20,4,NA,NA,NA,NA
2017-03-07,16,5,NA,NA,NA,NA
2017-03-08,22,7,NA,NA,NA,NA
2017-03-09,27,10,NA,NA,NA,NA
2017-03-10,27,8,NA,NA,NA,NA
2017-03-11,18,10,NA,NA,NA,NA
2017-03-12,9,5,NA,NA,NA,NA
2017-03-13,31,7,NA,NA,NA,NA
2017-03-14,16,4,1,NA,NA,NA
2017-03-15,16,5,NA,NA,NA,NA
2017-03-16,11,5,NA,NA,NA,NA
2017-03-17,33,5,NA,NA,NA,NA
2017-03-18,17,8,NA,NA,NA,NA
2017-03-19,31,1,NA,NA,NA,NA
2017-03-20,28,10,NA,NA,NA,NA
2017-03-21,18,9,NA,NA,NA,NA
2017-03-22,12,4,NA,NA,NA,NA
2017-03-23,23,19,NA,NA,NA,NA
2017-03-24,19,13,NA,NA,NA,NA
2017-03-25,7,8,NA,NA,NA,NA
2017-03-26,18,NA,1,NA,NA,NA
2017-03-27,27,5,NA,NA,NA,NA
2017-03-28,14,7,NA,NA,NA,NA
2017-03-29,19,4,1,NA,NA,NA
2017-03-30,17,8,NA,NA,NA,NA
2017-03-31,24,12,NA,NA,NA,NA
2017-04-01,22,3,NA,NA,NA,NA
2017-04-02,23,1,NA,NA,NA,NA
2017-04-03,31,4,NA,NA,NA,NA
2017-04-04,21,6,NA,1,NA,NA
2017-04-05,17,2,NA,NA,NA,NA
2017-04-06,21,7,NA,NA,NA,NA
2017-04-07,27,1,NA,NA,NA,NA
2017-04-08,28,4,NA,NA,NA,NA
2017-04-09,22,5,NA,NA,NA,NA
2017-04-10,26,8,NA,NA,NA,NA
2017-04-11,18,9,NA,NA,NA,NA
2017-04-12,17,2,NA,NA,NA,NA
2017-04-13,22,6,NA,NA,NA,NA
2017-04-14,17,3,NA,NA,NA,NA
2017-04-15,21,NA,NA,NA,NA,NA
2017-04-16,24,1,NA,NA,NA,NA
2017-04-17,22,7,NA,NA,NA,NA
2017-04-18,26,2,2,NA,NA,NA
2017-04-19,22,8,NA,NA,NA,NA
2017-04-20,23,4,NA,NA,NA,NA
2017-04-21,21,8,NA,NA,NA,NA
2017-04-22,27,1,NA,NA,NA,NA
2017-04-23,18,1,NA,NA,NA,NA
2017-04-24,20,7,NA,NA,NA,NA
2017-04-25,20,13,NA,NA,NA,NA
2017-04-26,21,NA,NA,NA,NA,NA
2017-04-27,24,34,NA,NA,NA,NA
2017-04-28,18,3,NA,NA,NA,NA
2017-04-29,29,5,NA,NA,NA,NA
2017-04-30,22,3,NA,NA,NA,NA
2017-05-01,25,1,NA,NA,NA,NA
2017-05-02,21,5,NA,NA,NA,NA
2017-05-03,24,1,NA,NA,NA,NA
2017-05-04,20,10,NA,NA,NA,NA
2017-05-05,25,9,NA,NA,NA,NA
2017-05-06,16,5,NA,NA,NA,NA
2017-05-07,11,10,NA,NA,NA,NA
2017-05-08,23,3,NA,NA,NA,NA
2017-05-09,22,13,NA,NA,NA,NA
2017-05-10,30,7,NA,NA,NA,NA
2017-05-11,28,8,NA,NA,NA,NA
2017-05-12,26,19,NA,NA,NA,NA
2017-05-13,16,1,NA,NA,NA,NA
2017-05-14,27,3,NA,NA,NA,NA
2017-05-15,20,2,NA,NA,NA,NA
2017-05-16,20,8,NA,NA,NA,NA
2017-05-17,18,4,NA,NA,NA,NA
2017-05-18,18,5,NA,NA,NA,NA
2017-05-19,32,15,NA,NA,NA,NA
2017-05-20,20,1,NA,NA,NA,NA
2017-05-21,30,5,NA,NA,NA,NA
2017-05-22,19,6,NA,NA,NA,NA
2017-05-23,21,17,NA,NA,NA,NA
2017-05-24,24,6,NA,NA,NA,NA
2017-05-25,26,12,NA,NA,NA,NA
2017-05-26,13,16,NA,NA,NA,NA
2017-05-27,26,4,NA,NA,NA,NA
2017-05-28,29,5,2,NA,NA,NA
2017-05-29,27,3,NA,NA,NA,NA
2017-05-30,22,5,NA,NA,NA,NA
2017-05-31,15,5,NA,NA,NA,NA
2017-06-01,17,7,NA,NA,NA,NA
2017-06-02,20,14,NA,NA,NA,NA
2017-06-03,25,4,NA,NA,NA,NA
2017-06-04,20,2,NA,NA,NA,NA
2017-06-05,16,14,NA,NA,NA,NA
2017-06-06,21,10,NA,NA,NA,NA
2017-06-07,21,7,NA,NA,NA,NA
2017-06-08,29,12,NA,NA,NA,NA
2017-06-09,27,11,NA,NA,NA,NA
2017-06-10,26,4,NA,NA,NA,NA
2017-06-11,23,2,NA,NA,NA,NA
2017-06-12,19,1,NA,NA,NA,NA
2017-06-13,18,9,NA,NA,NA,NA
2017-06-14,23,3,NA,NA,NA,NA
2017-06-15,25,6,NA,NA,NA,NA
2017-06-16,20,12,NA,NA,NA,NA
2017-06-17,25,5,NA,NA,NA,NA
2017-06-18,19,2,NA,NA,NA,NA
2017-06-19,28,4,NA,NA,NA,NA
2017-06-20,17,9,NA,NA,NA,NA
2017-06-21,17,6,NA,NA,NA,NA
2017-06-22,24,13,NA,NA,NA,NA
2017-06-23,22,6,NA,NA,NA,NA
2017-06-24,24,1,NA,NA,NA,NA
2017-06-25,29,5,NA,NA,NA,NA
2017-06-26,15,11,NA,NA,NA,NA
2017-06-27,23,12,NA,NA,NA,NA
2017-06-28,30,1,NA,NA,NA,NA
2017-06-29,28,8,NA,NA,NA,NA
2017-06-30,36,8,NA,NA,NA,NA
2017-07-01,28,22,NA,NA,NA,NA
2017-07-02,21,1,NA,NA,NA,NA
2017-07-03,16,3,NA,NA,NA,NA
2017-07-04,21,2,NA,NA,NA,NA
2017-07-05,36,1,NA,NA,NA,NA
2017-07-06,21,10,NA,NA,NA,NA
2017-07-07,27,6,NA,NA,NA,NA
2017-07-08,27,NA,NA,NA,NA,NA
2017-07-09,23,7,NA,NA,NA,NA
2017-07-10,13,8,NA,NA,NA,NA
2017-07-11,32,7,NA,NA,NA,NA
2017-07-12,9,3,NA,1,NA,NA
2017-07-13,26,9,NA,NA,NA,NA
2017-07-14,20,6,NA,NA,NA,NA
2017-07-15,14,4,NA,NA,NA,NA
2017-07-16,25,2,NA,NA,NA,NA
2017-07-17,27,NA,NA,NA,NA,NA
2017-07-18,21,6,NA,NA,NA,NA
2017-07-19,27,5,NA,NA,NA,NA
2017-07-20,22,6,NA,NA,NA,NA
2017-07-21,21,4,NA,NA,NA,NA
2017-07-22,12,3,NA,NA,NA,NA
2017-07-23,13,1,NA,NA,NA,NA
2017-07-24,30,8,NA,NA,NA,NA
2017-07-25,13,3,NA,NA,NA,NA
2017-07-26,20,3,NA,NA,NA,NA
2017-07-27,25,2,NA,NA,NA,NA
2017-07-28,33,11,NA,NA,NA,NA
2017-07-29,21,5,NA,NA,NA,NA
2017-07-30,27,3,NA,NA,NA,NA
2017-07-31,31,11,NA,NA,NA,NA
2017-08-01,23,11,NA,NA,NA,NA
2017-08-02,16,9,NA,NA,NA,NA
2017-08-03,17,14,NA,NA,NA,NA
2017-08-04,24,4,NA,NA,NA,NA
2017-08-05,25,4,NA,NA,NA,NA
2017-08-06,26,3,NA,NA,NA,NA
2017-08-07,20,7,NA,NA,NA,NA
2017-08-08,18,12,NA,NA,NA,NA
2017-08-09,20,1,NA,NA,NA,NA
2017-08-10,26,10,NA,NA,NA,NA
2017-08-11,22,8,NA,NA,NA,NA
2017-08-12,21,6,NA,NA,NA,NA
2017-08-13,27,4,NA,NA,NA,NA
2017-08-14,17,11,NA,NA,NA,NA
2017-08-15,23,9,NA,NA,NA,NA
2017-08-16,20,3,NA,NA,NA,NA
2017-08-17,15,9,NA,NA,NA,NA
2017-08-18,24,8,NA,NA,NA,NA
2017-08-19,26,7,NA,NA,NA,NA
2017-08-20,29,1,NA,NA,NA,NA
2017-08-21,35,7,NA,NA,NA,NA
2017-08-22,16,5,NA,NA,NA,NA
2017-08-23,22,8,NA,NA,NA,NA
2017-08-24,18,5,NA,NA,NA,NA
2017-08-25,19,5,NA,NA,NA,NA
2017-08-26,21,3,NA,NA,NA,NA
2017-08-27,2,NA,NA,NA,NA,NA
2017-08-28,5,NA,NA,NA,NA,NA
2017-08-29,5,1,NA,NA,NA,NA
2017-08-30,12,2,NA,NA,NA,NA
2017-08-31,13,1,NA,NA,NA,NA
2017-09-01,22,3,NA,NA,NA,NA
2017-09-02,19,1,NA,NA,NA,NA
2017-09-03,31,7,NA,NA,NA,NA
2017-09-04,18,2,NA,NA,NA,NA
2017-09-05,18,NA,NA,NA,NA,NA
2017-09-06,22,NA,NA,NA,NA,NA
2017-09-07,22,7,NA,NA,NA,NA
2017-09-08,16,3,NA,NA,NA,NA
2017-09-09,18,4,NA,NA,NA,NA
2017-09-10,21,1,NA,NA,NA,NA
2017-09-11,23,2,NA,NA,NA,NA
2017-09-12,16,3,NA,NA,NA,NA
2017-09-13,19,10,NA,NA,NA,NA
2017-09-14,22,8,NA,NA,NA,NA
2017-09-15,35,8,NA,NA,NA,NA
2017-09-16,28,3,NA,NA,NA,NA
2017-09-17,31,3,NA,NA,NA,NA
2017-09-18,34,18,NA,NA,NA,NA
2017-09-19,24,4,NA,NA,NA,NA
2017-09-20,22,4,NA,NA,NA,NA
2017-09-21,15,10,NA,NA,NA,NA
2017-09-22,22,12,NA,NA,NA,NA
2017-09-23,15,1,NA,NA,NA,NA
2017-09-24,22,3,NA,NA,NA,NA
2017-09-25,25,8,NA,NA,NA,NA
2017-09-26,31,1,NA,NA,NA,NA
2017-09-27,14,1,NA,NA,NA,NA
2017-09-28,16,2,NA,NA,NA,NA
2017-09-29,22,22,NA,NA,NA,NA
2017-09-30,20,2,NA,NA,NA,NA
2017-10-01,24,4,NA,NA,NA,NA
2017-10-02,20,9,NA,NA,NA,NA
2017-10-03,11,NA,NA,NA,NA,NA
2017-10-04,20,10,NA,NA,NA,NA
2017-10-05,15,3,NA,NA,NA,NA
2017-10-06,17,4,NA,NA,NA,NA
2017-10-07,25,3,NA,NA,NA,NA
2017-10-08,18,2,NA,NA,NA,NA
2017-10-09,17,5,NA,NA,NA,NA
2017-10-10,20,4,NA,NA,NA,NA
2017-10-11,17,3,NA,NA,NA,NA
2017-10-12,15,13,NA,NA,NA,NA
2017-10-13,27,26,NA,NA,NA,NA
2017-10-14,21,1,NA,NA,NA,NA
2017-10-15,22,6,NA,NA,NA,NA
2017-10-16,23,6,NA,NA,NA,NA
2017-10-17,25,5,NA,NA,NA,NA
2017-10-18,20,12,NA,NA,NA,NA
2017-10-19,22,15,NA,NA,NA,NA
2017-10-20,26,5,NA,NA,NA,NA
2017-10-21,20,2,NA,NA,NA,NA
2017-10-22,26,9,NA,NA,NA,NA
2017-10-23,17,5,NA,NA,NA,NA
2017-10-24,13,4,NA,NA,NA,NA
2017-10-25,20,1,NA,NA,NA,NA
2017-10-26,21,16,NA,NA,NA,NA
2017-10-27,37,14,NA,NA,NA,NA
2017-10-28,14,3,NA,NA,NA,NA
2017-10-29,23,1,NA,NA,NA,NA
2017-10-30,20,12,NA,NA,NA,NA
2017-10-31,19,3,NA,NA,NA,NA
2017-11-01,17,7,NA,NA,NA,NA
2017-11-02,23,14,NA,NA,NA,NA
2017-11-03,27,1,NA,NA,NA,NA
2017-11-04,32,9,NA,NA,NA,NA
2017-11-05,20,5,NA,NA,NA,NA
2017-11-06,24,3,NA,NA,NA,NA
2017-11-07,33,2,NA,NA,NA,NA
2017-11-08,28,13,NA,NA,NA,NA
2017-11-09,18,6,NA,NA,NA,NA
2017-11-10,25,4,NA,NA,NA,NA
2017-11-11,19,11,NA,NA,NA,NA
2017-11-12,21,3,NA,NA,NA,NA
2017-11-13,27,5,NA,NA,NA,NA
2017-11-14,25,11,NA,NA,NA,NA
2017-11-15,15,4,NA,NA,NA,NA
2017-11-16,22,11,NA,NA,NA,NA
2017-11-17,25,6,NA,NA,NA,NA
2017-11-18,19,6,NA,NA,NA,NA
2017-11-19,18,6,NA,NA,NA,NA
2017-11-20,22,3,NA,NA,NA,NA
2017-11-21,21,2,NA,NA,NA,NA
2017-11-22,21,8,NA,NA,NA,NA
2017-11-23,25,2,NA,NA,NA,NA
2017-11-24,20,2,NA,NA,NA,NA
2017-11-25,15,3,NA,NA,NA,NA
2017-11-26,31,8,NA,NA,NA,NA
2017-11-27,17,3,NA,NA,NA,NA
2017-11-28,20,4,NA,NA,NA,NA
2017-11-29,24,27,NA,NA,NA,NA
2017-11-30,17,13,NA,NA,NA,NA
2017-12-01,23,6,NA,NA,NA,NA
2017-12-02,35,5,NA,NA,NA,NA
2017-12-03,18,3,NA,NA,NA,NA
2017-12-04,27,8,NA,NA,NA,NA
2017-12-05,10,3,NA,NA,NA,NA
2017-12-06,19,4,NA,NA,NA,NA
2017-12-07,16,4,NA,NA,NA,NA
2017-12-08,18,3,NA,NA,NA,NA
2017-12-09,20,1,NA,NA,NA,NA
2017-12-10,22,3,NA,NA,NA,NA
2017-12-11,20,5,NA,NA,NA,NA
2017-12-12,20,13,NA,NA,NA,NA
2017-12-13,18,6,NA,NA,NA,NA
2017-12-14,23,15,NA,NA,NA,NA
2017-12-15,30,6,NA,NA,NA,NA
2017-12-16,16,4,NA,NA,NA,NA
2017-12-17,30,4,NA,NA,NA,NA
2017-12-18,24,4,NA,NA,NA,NA
2017-12-19,27,20,NA,NA,NA,NA
2017-12-20,24,11,NA,NA,NA,NA
2017-12-21,25,6,NA,NA,NA,NA
2017-12-22,21,3,NA,NA,NA,NA
2017-12-23,22,3,NA,NA,NA,NA
2017-12-24,29,2,NA,NA,NA,NA
2017-12-25,35,3,NA,NA,NA,NA
2017-12-26,23,4,NA,NA,NA,NA
2017-12-27,19,13,NA,NA,NA,NA
2017-12-28,24,6,NA,NA,NA,NA
2017-12-29,23,14,NA,NA,NA,NA
2017-12-30,17,6,NA,NA,NA,NA
2017-12-31,27,4,NA,NA,NA,NA
2018-01-01,34,6,NA,NA,NA,NA
2018-01-02,22,5,NA,NA,NA,NA
2018-01-03,20,8,NA,NA,NA,NA
2018-01-04,21,6,NA,NA,NA,NA
2018-01-05,21,8,NA,NA,NA,NA
2018-01-06,28,3,NA,NA,NA,NA
2018-01-07,27,2,NA,NA,NA,NA
2018-01-08,23,7,NA,NA,NA,NA
2018-01-09,20,9,NA,NA,NA,NA
2018-01-10,23,4,NA,NA,NA,NA
2018-01-11,30,10,NA,NA,NA,NA
2018-01-12,21,11,NA,NA,NA,NA
2018-01-13,21,6,NA,NA,NA,NA
2018-01-14,22,3,NA,NA,NA,NA
2018-01-15,23,5,NA,NA,NA,NA
2018-01-16,18,4,NA,1,NA,NA
2018-01-17,22,7,NA,NA,NA,NA
2018-01-18,6,4,NA,NA,NA,NA
2018-01-19,19,4,1,NA,NA,NA
2018-01-20,22,6,NA,NA,NA,NA
2018-01-21,23,1,NA,NA,NA,NA
2018-01-22,27,5,NA,NA,NA,NA
2018-01-23,21,12,NA,NA,NA,NA
2018-01-24,25,11,NA,NA,NA,NA
2018-01-25,11,9,NA,NA,NA,NA
2018-01-26,11,5,NA,NA,NA,NA
2018-01-27,29,12,NA,NA,NA,NA
2018-01-28,26,6,NA,NA,NA,NA
2018-01-29,29,4,NA,NA,NA,NA
2018-01-30,26,4,NA,NA,NA,NA
2018-01-31,18,8,NA,NA,NA,NA
2018-02-01,21,8,NA,NA,NA,NA
2018-02-02,25,18,NA,NA,NA,NA
2018-02-03,19,2,NA,NA,NA,NA
2018-02-04,27,3,NA,NA,NA,NA
2018-02-05,27,5,NA,NA,NA,NA
2018-02-06,22,3,NA,NA,NA,NA
2018-02-07,29,10,NA,NA,NA,NA
2018-02-08,21,3,NA,NA,NA,NA
2018-02-09,22,11,NA,NA,NA,NA
2018-02-10,24,3,NA,NA,NA,NA
2018-02-11,22,4,NA,NA,NA,NA
2018-02-12,17,3,NA,NA,NA,NA
2018-02-13,30,9,NA,NA,NA,NA
2018-02-14,24,6,NA,NA,NA,NA
2018-02-15,27,5,NA,NA,NA,NA
2018-02-16,26,10,NA,NA,NA,NA
2018-02-17,30,5,NA,NA,NA,NA
2018-02-18,29,5,NA,NA,NA,NA
2018-02-19,25,4,NA,NA,NA,NA
2018-02-20,25,7,NA,NA,NA,NA
2018-02-21,19,7,NA,NA,NA,NA
2018-02-22,18,6,NA,NA,NA,NA
2018-02-23,27,23,NA,NA,NA,NA
2018-02-24,24,6,NA,NA,NA,NA
2018-02-25,21,6,NA,NA,NA,NA
2018-02-26,21,2,NA,NA,NA,NA
2018-02-27,24,2,NA,NA,NA,NA
2018-02-28,22,4,NA,NA,NA,NA
2018-03-01,33,11,NA,NA,NA,NA
2018-03-02,25,15,NA,NA,NA,NA
2018-03-03,19,21,NA,NA,NA,NA
2018-03-04,32,2,NA,NA,NA,NA
2018-03-05,32,6,NA,NA,NA,NA
2018-03-06,14,6,NA,NA,NA,NA
2018-03-07,20,13,NA,NA,NA,NA
2018-03-08,27,9,NA,NA,NA,NA
2018-03-09,28,15,NA,1,NA,NA
2018-03-10,29,NA,NA,NA,NA,NA
2018-03-11,34,8,NA,NA,NA,NA
2018-03-12,42,13,NA,NA,NA,NA
2018-03-13,22,6,NA,NA,NA,NA
2018-03-14,26,7,NA,NA,NA,NA
2018-03-15,22,8,NA,NA,NA,NA
2018-03-16,26,27,NA,NA,NA,NA
2018-03-17,43,3,NA,NA,NA,NA
2018-03-18,31,7,NA,NA,NA,NA
2018-03-19,44,4,NA,1,NA,NA
2018-03-20,32,11,NA,NA,NA,NA
2018-03-21,30,14,NA,NA,NA,NA
2018-03-22,30,10,NA,NA,NA,NA
2018-03-23,28,12,NA,NA,NA,NA
2018-03-24,28,5,NA,NA,NA,NA
2018-03-25,33,7,NA,NA,NA,NA
2018-03-26,45,14,NA,NA,NA,NA
2018-03-27,19,7,NA,NA,NA,NA
2018-03-28,29,8,NA,NA,NA,NA
2018-03-29,29,9,NA,NA,NA,NA
2018-03-30,31,7,NA,NA,NA,NA
2018-03-31,30,5,NA,NA,NA,NA
2018-04-01,26,7,NA,NA,NA,NA
2018-04-02,27,8,NA,NA,NA,NA
2018-04-03,18,15,NA,NA,NA,NA
2018-04-04,19,20,NA,NA,NA,NA
2018-04-05,20,11,NA,NA,NA,NA
2018-04-06,29,3,NA,NA,NA,NA
2018-04-07,29,11,NA,NA,NA,NA
2018-04-08,28,5,NA,NA,NA,NA
2018-04-09,35,16,NA,NA,NA,NA
2018-04-10,19,NA,NA,NA,NA,NA
2018-04-11,28,5,NA,NA,NA,NA
2018-04-12,24,14,NA,NA,NA,NA
2018-04-13,24,7,NA,NA,NA,NA
2018-04-14,36,2,NA,NA,NA,NA
2018-04-15,34,6,NA,NA,NA,NA
2018-04-16,40,5,NA,NA,NA,NA
2018-04-17,27,5,NA,NA,NA,NA
2018-04-18,26,12,NA,NA,NA,NA
2018-04-19,25,7,NA,NA,NA,NA
2018-04-20,24,10,NA,NA,NA,NA
2018-04-21,26,3,NA,NA,NA,NA
2018-04-22,19,2,NA,NA,NA,NA
2018-04-23,29,8,NA,NA,NA,NA
2018-04-24,29,1,NA,NA,NA,NA
2018-04-25,23,11,NA,NA,NA,NA
2018-04-26,30,5,NA,NA,NA,NA
2018-04-27,24,8,NA,NA,NA,NA
2018-04-28,41,6,NA,NA,NA,NA
2018-04-29,25,7,NA,NA,NA,NA
2018-04-30,36,8,NA,NA,NA,NA
2018-05-01,18,18,NA,NA,NA,NA
2018-05-02,39,3,NA,NA,NA,NA
2018-05-03,25,7,NA,NA,NA,NA
2018-05-04,40,9,NA,NA,NA,NA
2018-05-05,36,7,NA,NA,NA,NA
2018-05-06,27,9,NA,NA,NA,NA
2018-05-07,31,6,NA,NA,NA,NA
2018-05-08,36,22,1,NA,NA,NA
2018-05-09,23,3,NA,NA,NA,NA
2018-05-10,19,16,NA,NA,NA,NA
2018-05-11,32,14,NA,NA,NA,NA
2018-05-12,39,4,NA,NA,NA,NA
2018-05-13,35,5,NA,NA,NA,NA
2018-05-14,52,14,NA,NA,NA,NA
2018-05-15,23,9,NA,NA,NA,NA
2018-05-16,32,16,NA,NA,NA,NA
2018-05-17,36,17,NA,NA,NA,NA
2018-05-18,36,13,NA,NA,NA,NA
2018-05-19,33,4,NA,NA,NA,NA
2018-05-20,32,4,NA,NA,NA,NA
2018-05-21,39,11,NA,NA,NA,NA
2018-05-22,25,1,NA,NA,NA,NA
2018-05-23,23,5,NA,NA,NA,NA
2018-05-24,32,14,NA,NA,NA,NA
2018-05-25,41,11,1,NA,NA,NA
2018-05-26,25,9,NA,NA,NA,NA
2018-05-27,28,6,NA,NA,NA,NA
2018-05-28,30,1,NA,NA,NA,NA
2018-05-29,35,13,NA,NA,NA,NA
2018-05-30,30,9,1,NA,NA,NA
2018-05-31,39,5,NA,NA,NA,NA
2018-06-01,37,9,NA,NA,NA,NA
2018-06-02,24,4,NA,NA,NA,NA
2018-06-03,23,4,NA,NA,NA,NA
2018-06-04,43,10,NA,NA,NA,NA
2018-06-05,64,10,NA,NA,NA,NA
2018-06-06,28,11,NA,NA,NA,NA
2018-06-07,16,6,NA,NA,NA,NA
2018-06-08,22,7,NA,NA,NA,NA
2018-06-09,42,6,NA,NA,NA,NA
2018-06-10,43,6,NA,NA,NA,NA
2018-06-11,34,8,NA,NA,NA,NA
2018-06-12,26,10,NA,NA,NA,NA
2018-06-13,33,7,NA,NA,NA,NA
2018-06-14,21,10,NA,NA,NA,NA
2018-06-15,43,20,NA,NA,NA,NA
2018-06-16,45,7,NA,NA,NA,NA
2018-06-17,45,5,NA,NA,NA,NA
2018-06-18,38,15,NA,NA,NA,NA
2018-06-19,41,24,NA,NA,NA,NA
2018-06-20,21,6,NA,NA,NA,NA
2018-06-21,30,4,NA,NA,NA,NA
2018-06-22,21,10,NA,NA,NA,NA
2018-06-23,28,8,NA,NA,NA,NA
2018-06-24,41,5,NA,NA,NA,NA
2018-06-25,37,17,NA,NA,NA,NA
2018-06-26,34,10,NA,NA,NA,NA
2018-06-27,25,6,NA,NA,NA,NA
2018-06-28,26,28,NA,NA,NA,NA
2018-06-29,43,16,NA,NA,NA,NA
2018-06-30,25,7,NA,NA,NA,NA
2018-07-01,35,7,NA,NA,NA,NA
2018-07-02,53,15,NA,NA,NA,NA
2018-07-03,32,12,NA,NA,NA,NA
2018-07-04,24,8,NA,NA,NA,NA
2018-07-05,32,8,NA,NA,NA,NA
2018-07-06,34,5,NA,NA,NA,NA
2018-07-07,30,10,NA,NA,NA,NA
2018-07-08,26,9,NA,NA,NA,NA
2018-07-09,32,9,NA,NA,NA,NA
2018-07-10,41,6,NA,NA,NA,NA
2018-07-11,27,12,NA,NA,NA,NA
2018-07-12,29,9,NA,NA,NA,NA
2018-07-13,28,14,NA,NA,NA,NA
2018-07-14,44,13,NA,NA,NA,NA
2018-07-15,34,5,NA,NA,NA,NA
2018-07-16,43,13,NA,NA,NA,NA
2018-07-17,42,6,NA,NA,NA,NA
2018-07-18,25,13,NA,NA,NA,NA
2018-07-19,29,18,NA,NA,NA,NA
2018-07-20,24,4,NA,NA,NA,NA
2018-07-21,26,6,NA,NA,NA,NA
2018-07-22,32,3,NA,NA,NA,NA
2018-07-23,38,6,NA,NA,NA,NA
2018-07-24,28,8,NA,NA,NA,NA
2018-07-25,36,12,NA,NA,NA,NA
2018-07-26,29,6,NA,NA,NA,NA
2018-07-27,32,12,NA,NA,NA,NA
2018-07-28,29,9,NA,NA,NA,NA
2018-07-29,37,8,NA,NA,NA,NA
2018-07-30,26,10,NA,NA,NA,NA
2018-07-31,38,17,NA,NA,NA,NA
2018-08-01,22,9,NA,NA,NA,NA
2018-08-02,30,8,NA,NA,NA,NA
2018-08-03,29,10,NA,NA,NA,NA
2018-08-04,35,4,NA,NA,NA,NA
2018-08-05,32,5,NA,NA,NA,NA
2018-08-06,46,14,NA,NA,NA,NA
2018-08-07,35,20,NA,NA,NA,NA
2018-08-08,23,8,NA,NA,NA,NA
2018-08-09,26,14,NA,NA,NA,NA
2018-08-10,35,16,NA,NA,NA,NA
2018-08-11,30,9,NA,NA,NA,NA
2018-08-12,36,5,NA,NA,NA,NA
2018-08-13,27,6,NA,NA,NA,NA
2018-08-14,29,11,NA,NA,NA,NA
2018-08-15,20,14,NA,NA,NA,NA
2018-08-16,26,8,NA,NA,NA,NA
2018-08-17,31,10,NA,NA,NA,NA
2018-08-18,34,7,NA,NA,NA,NA
2018-08-19,31,9,NA,NA,NA,NA
2018-08-20,32,7,NA,NA,NA,NA
2018-08-21,25,27,NA,NA,NA,NA
2018-08-22,18,9,NA,NA,NA,NA
2018-08-23,31,14,NA,NA,NA,NA
2018-08-24,29,18,NA,NA,NA,NA
2018-08-25,23,3,NA,NA,NA,NA
2018-08-26,42,9,NA,NA,NA,NA
2018-08-27,19,6,NA,NA,NA,NA
2018-08-28,30,37,NA,NA,NA,NA
2018-08-29,21,6,NA,NA,NA,NA
2018-08-30,28,11,NA,NA,NA,NA
2018-08-31,32,22,NA,NA,NA,NA
2018-09-01,30,8,NA,NA,NA,NA
2018-09-02,23,8,NA,NA,NA,NA
2018-09-03,27,8,NA,NA,NA,NA
2018-09-04,25,10,NA,NA,NA,NA
2018-09-05,39,16,NA,NA,NA,NA
2018-09-06,23,6,NA,NA,NA,NA
2018-09-07,23,21,NA,NA,NA,NA
2018-09-08,18,1,NA,NA,NA,NA
2018-09-09,28,21,NA,NA,NA,NA
2018-09-10,26,2,3,2,NA,NA
2018-09-11,21,10,NA,NA,NA,NA
2018-09-12,24,21,NA,NA,NA,NA
2018-09-13,30,12,NA,NA,NA,NA
2018-09-14,24,6,NA,NA,NA,NA
2018-09-15,21,4,NA,NA,NA,NA
2018-09-16,44,4,NA,NA,NA,NA
2018-09-17,28,12,NA,NA,NA,NA
2018-09-18,21,15,NA,NA,NA,NA
2018-09-19,23,9,NA,1,NA,NA
2018-09-20,22,11,NA,NA,NA,NA
2018-09-21,18,16,NA,NA,NA,NA
2018-09-22,22,8,NA,NA,NA,NA
2018-09-23,38,3,NA,NA,NA,NA
2018-09-24,29,14,NA,NA,NA,NA
2018-09-25,25,10,NA,NA,NA,NA
2018-09-26,33,14,NA,NA,NA,NA
2018-09-27,26,11,NA,NA,NA,NA
2018-09-28,29,17,NA,1,NA,NA
2018-09-29,34,7,NA,4,NA,NA
2018-09-30,29,9,NA,8,NA,NA
2018-10-01,30,6,NA,3,NA,NA
2018-10-02,12,6,NA,NA,NA,NA
2018-10-03,21,15,NA,NA,NA,NA
2018-10-04,22,11,NA,1,NA,NA
2018-10-05,27,35,NA,NA,NA,NA
2018-10-06,33,9,NA,NA,NA,NA
2018-10-07,23,6,NA,NA,NA,NA
2018-10-08,36,5,NA,NA,NA,NA
2018-10-09,25,12,NA,NA,NA,NA
2018-10-10,23,10,NA,NA,NA,NA
2018-10-11,24,11,NA,1,NA,NA
2018-10-12,30,13,NA,NA,NA,NA
2018-10-13,24,6,NA,NA,NA,NA
2018-10-14,42,21,NA,NA,NA,NA
2018-10-15,30,8,NA,NA,NA,NA
2018-10-16,14,3,NA,NA,NA,NA
2018-10-17,24,8,NA,NA,NA,NA
2018-10-18,21,12,NA,NA,NA,NA
2018-10-19,25,6,NA,NA,NA,NA
2018-10-20,28,5,NA,NA,NA,NA
2018-10-21,29,8,NA,NA,NA,NA
2018-10-22,31,10,NA,NA,NA,NA
2018-10-23,22,11,NA,NA,NA,NA
2018-10-24,17,5,NA,NA,NA,NA
2018-10-25,26,15,NA,NA,NA,NA
2018-10-26,28,18,NA,NA,NA,NA
2018-10-27,23,1,NA,NA,NA,NA
2018-10-28,28,9,1,NA,NA,NA
2018-10-29,31,9,NA,NA,NA,NA
2018-10-30,25,8,NA,NA,NA,NA
2018-10-31,29,11,1,NA,NA,NA
2018-11-01,22,8,NA,NA,NA,NA
2018-11-02,24,7,NA,NA,NA,NA
2018-11-03,25,3,NA,NA,NA,NA
2018-11-04,29,6,NA,NA,NA,NA
2018-11-05,29,8,NA,NA,NA,NA
2018-11-06,25,4,NA,NA,NA,NA
2018-11-07,21,19,NA,NA,NA,NA
2018-11-08,32,18,NA,NA,NA,NA
2018-11-09,28,15,NA,NA,1,NA
2018-11-10,26,8,NA,NA,NA,NA
2018-11-11,38,12,NA,NA,NA,NA
2018-11-12,24,3,NA,NA,NA,NA
2018-11-13,24,33,NA,NA,NA,NA
2018-11-14,18,5,NA,NA,NA,NA
2018-11-15,17,8,NA,NA,NA,NA
2018-11-16,24,24,NA,NA,NA,NA
2018-11-17,16,8,NA,NA,NA,NA
2018-11-18,27,11,NA,NA,NA,NA
2018-11-19,37,9,NA,NA,NA,NA
2018-11-20,26,15,NA,NA,NA,NA
2018-11-21,22,8,NA,NA,NA,NA
2018-11-22,35,5,NA,NA,NA,NA
2018-11-23,18,6,NA,NA,NA,NA
2018-11-24,26,5,NA,NA,NA,NA
2018-11-25,30,5,NA,NA,NA,NA
2018-11-26,23,2,NA,NA,NA,NA
2018-11-27,22,10,NA,NA,NA,NA
2018-11-28,21,3,NA,NA,NA,NA
2018-11-29,40,14,NA,NA,1,NA
2018-11-30,17,9,NA,NA,NA,NA
2018-12-01,33,6,NA,NA,NA,NA
2018-12-02,31,10,NA,NA,NA,NA
2018-12-03,28,15,NA,NA,NA,NA
2018-12-04,21,14,NA,NA,NA,NA
2018-12-05,14,2,NA,NA,NA,NA
2018-12-06,22,7,NA,NA,NA,NA
2018-12-07,23,13,NA,NA,NA,NA
2018-12-08,27,4,NA,NA,NA,NA
2018-12-09,34,7,NA,NA,NA,NA
2018-12-10,33,9,NA,NA,NA,NA
2018-12-11,19,13,NA,NA,NA,NA
2018-12-12,33,13,NA,NA,NA,NA
2018-12-13,24,11,NA,NA,NA,NA
2018-12-14,19,14,NA,NA,NA,NA
2018-12-15,24,5,NA,NA,NA,NA
2018-12-16,25,6,NA,NA,NA,NA
2018-12-17,24,7,NA,NA,NA,NA
2018-12-18,30,11,NA,NA,NA,NA
2018-12-19,26,12,NA,NA,NA,NA
2018-12-20,26,19,NA,NA,NA,NA
2018-12-21,28,17,NA,NA,NA,NA
2018-12-22,15,7,NA,NA,NA,NA
2018-12-23,30,2,NA,NA,NA,NA
2018-12-24,27,9,NA,NA,NA,NA
2018-12-25,35,7,NA,NA,NA,NA
2018-12-26,34,3,NA,NA,NA,NA
2018-12-27,21,11,NA,NA,NA,NA
2018-12-28,29,13,NA,NA,NA,NA
2018-12-29,30,8,NA,NA,NA,NA
2018-12-30,37,4,NA,NA,NA,NA
2018-12-31,23,3,NA,NA,NA,NA
2019-01-01,33,10,NA,NA,NA,NA
2019-01-02,17,15,NA,NA,NA,NA
2019-01-03,20,9,NA,NA,NA,NA
2019-01-04,33,15,NA,NA,NA,NA
2019-01-05,13,6,NA,NA,NA,NA
2019-01-06,35,3,NA,NA,NA,NA
2019-01-07,16,4,NA,NA,NA,NA
2019-01-08,21,17,NA,NA,NA,NA
2019-01-09,18,9,NA,NA,NA,NA
2019-01-10,18,19,NA,NA,NA,NA
2019-01-11,28,10,NA,NA,NA,NA
2019-01-12,18,18,NA,NA,NA,NA
2019-01-13,30,7,NA,NA,NA,NA
2019-01-14,20,4,NA,NA,NA,NA
2019-01-15,23,9,NA,NA,NA,NA
2019-01-16,28,15,NA,NA,NA,NA
2019-01-17,32,5,NA,NA,NA,NA
2019-01-18,34,22,NA,NA,NA,NA
2019-01-19,22,7,NA,NA,NA,NA
2019-01-20,28,8,NA,NA,NA,NA
2019-01-21,22,11,NA,NA,NA,NA
2019-01-22,31,1,NA,NA,NA,NA
2019-01-23,22,6,NA,NA,NA,NA
2019-01-24,21,26,NA,NA,NA,NA
2019-01-25,19,10,NA,NA,NA,NA
2019-01-26,17,5,NA,NA,NA,NA
2019-01-27,24,8,NA,NA,NA,NA
2019-01-28,29,9,NA,NA,NA,NA
2019-01-29,31,12,NA,NA,NA,NA
2019-01-30,16,7,NA,NA,NA,NA
2019-01-31,32,14,NA,NA,NA,NA
2019-02-01,21,10,NA,NA,NA,NA
2019-02-02,20,7,NA,NA,NA,NA
2019-02-03,25,9,NA,NA,NA,NA
2019-02-04,24,4,NA,NA,NA,NA
2019-02-05,26,15,NA,NA,NA,NA
2019-02-06,30,24,NA,NA,NA,NA
2019-02-07,27,16,NA,NA,NA,NA
2019-02-08,31,21,NA,NA,NA,NA
2019-02-09,25,6,NA,NA,NA,NA
2019-02-10,30,2,NA,NA,NA,NA
2019-02-11,24,14,NA,NA,NA,NA
2019-02-12,21,10,NA,NA,NA,NA
2019-02-13,25,14,NA,NA,NA,NA
2019-02-14,17,11,NA,NA,NA,NA
2019-02-15,45,23,NA,NA,NA,NA
2019-02-16,17,2,NA,NA,NA,NA
2019-02-17,16,8,NA,NA,NA,NA
2019-02-18,17,9,NA,NA,NA,NA
2019-02-19,27,5,NA,NA,NA,NA
2019-02-20,30,7,NA,NA,NA,NA
2019-02-21,34,23,NA,NA,1,NA
2019-02-22,28,17,NA,NA,NA,NA
2019-02-23,30,10,NA,NA,NA,NA
2019-02-24,23,10,NA,NA,NA,NA
2019-02-25,26,6,NA,NA,NA,NA
2019-02-26,35,3,NA,NA,NA,NA
2019-02-27,19,5,NA,NA,NA,NA
2019-02-28,23,15,NA,NA,NA,NA
2019-03-01,33,17,NA,NA,NA,NA
2019-03-02,23,13,NA,NA,NA,NA
2019-03-03,29,4,NA,NA,NA,NA
2019-03-04,22,5,NA,NA,NA,NA
2019-03-05,31,14,NA,NA,NA,NA
2019-03-06,19,14,NA,NA,NA,NA
2019-03-07,14,14,NA,NA,NA,NA
2019-03-08,26,18,NA,NA,NA,NA
2019-03-09,29,1,NA,NA,NA,NA
2019-03-10,26,11,NA,NA,NA,NA
2019-03-11,32,16,NA,NA,NA,NA
2019-03-12,22,12,NA,NA,NA,NA
2019-03-13,26,13,NA,NA,NA,NA
2019-03-14,24,15,NA,NA,NA,NA
2019-03-15,31,11,NA,NA,NA,NA
2019-03-16,35,11,NA,NA,NA,NA
2019-03-17,25,7,NA,NA,NA,NA
2019-03-18,21,11,NA,NA,NA,NA
2019-03-19,31,11,NA,NA,NA,NA
2019-03-20,24,7,NA,NA,NA,NA
2019-03-21,27,23,NA,NA,NA,NA
2019-03-22,38,12,NA,NA,NA,NA
2019-03-23,29,10,NA,NA,NA,NA
2019-03-24,24,23,NA,NA,NA,NA
2019-03-25,25,10,NA,NA,NA,NA
2019-03-26,33,16,NA,NA,NA,NA
2019-03-27,30,7,NA,NA,NA,NA
2019-03-28,31,9,NA,NA,NA,NA
2019-03-29,35,4,NA,NA,NA,NA
2019-03-30,26,6,NA,NA,NA,NA
2019-03-31,24,4,NA,NA,NA,NA
2019-04-01,22,12,1,NA,NA,NA
2019-04-02,15,13,NA,NA,NA,NA
2019-04-03,32,15,NA,NA,NA,NA
2019-04-04,23,9,NA,NA,NA,NA
2019-04-05,31,17,NA,NA,NA,NA
2019-04-06,26,5,NA,NA,NA,NA
2019-04-07,29,12,NA,NA,NA,NA
2019-04-08,20,23,NA,NA,1,NA
2019-04-09,17,22,NA,NA,NA,NA
2019-04-10,25,10,NA,NA,NA,NA
2019-04-11,31,18,NA,NA,NA,NA
2019-04-12,20,7,NA,NA,NA,NA
2019-04-13,23,6,NA,NA,NA,NA
2019-04-14,25,10,NA,NA,NA,NA
2019-04-15,34,26,NA,NA,NA,NA
2019-04-16,20,12,NA,NA,NA,NA
2019-04-17,16,11,NA,NA,NA,NA
2019-04-18,39,11,NA,NA,NA,NA
2019-04-19,16,10,NA,NA,NA,NA
2019-04-20,35,4,NA,NA,NA,NA
2019-04-21,32,6,NA,NA,NA,NA
2019-04-22,34,8,NA,NA,NA,NA
2019-04-23,28,8,NA,NA,NA,NA
2019-04-24,38,8,NA,NA,NA,NA
2019-04-25,25,11,NA,NA,NA,NA
2019-04-26,34,20,NA,NA,NA,NA
2019-04-27,27,5,NA,NA,NA,NA
2019-04-28,24,11,NA,NA,NA,NA
2019-04-29,44,22,NA,NA,NA,NA
2019-04-30,25,13,NA,NA,NA,NA
2019-05-01,25,12,NA,NA,NA,NA
2019-05-02,33,11,NA,NA,NA,NA
2019-05-03,30,8,NA,NA,NA,NA
2019-05-04,25,1,NA,NA,NA,NA
2019-05-05,37,6,NA,NA,NA,NA
2019-05-06,42,17,NA,NA,NA,NA
2019-05-07,26,17,NA,NA,NA,NA
2019-05-08,20,8,NA,NA,NA,NA
2019-05-09,39,10,NA,NA,NA,NA
2019-05-10,35,14,NA,NA,NA,NA
2019-05-11,27,12,NA,NA,NA,NA
2019-05-12,26,3,NA,NA,NA,NA
2019-05-13,33,12,1,NA,NA,NA
2019-05-14,30,9,NA,NA,NA,NA
2019-05-15,23,15,NA,NA,NA,NA
2019-05-16,27,10,NA,NA,NA,NA
2019-05-17,28,18,NA,NA,NA,NA
2019-05-18,26,11,NA,NA,NA,NA
2019-05-19,35,9,NA,NA,NA,NA
2019-05-20,36,11,NA,NA,NA,NA
2019-05-21,36,9,NA,NA,NA,NA
2019-05-22,34,21,NA,NA,NA,NA
2019-05-23,34,14,NA,NA,NA,NA
2019-05-24,29,10,NA,NA,NA,NA
2019-05-25,27,6,NA,NA,NA,NA
2019-05-26,33,3,NA,NA,NA,NA
2019-05-27,34,6,NA,NA,NA,NA
2019-05-28,38,11,NA,NA,NA,NA
2019-05-29,34,9,NA,NA,NA,NA
2019-05-30,31,20,NA,NA,NA,NA
2019-05-31,35,24,NA,NA,NA,NA
2019-06-01,23,20,NA,NA,NA,NA
2019-06-02,41,12,NA,NA,NA,NA
2019-06-03,26,13,NA,NA,NA,NA
2019-06-04,38,26,NA,NA,NA,NA
2019-06-05,25,15,NA,NA,NA,NA
2019-06-06,36,34,NA,NA,NA,NA
2019-06-07,31,11,NA,NA,NA,NA
2019-06-08,20,3,NA,NA,NA,NA
2019-06-09,26,10,NA,NA,NA,NA
2019-06-10,39,12,NA,NA,NA,NA
2019-06-11,24,16,NA,NA,NA,NA
2019-06-12,36,29,NA,NA,NA,NA
2019-06-13,26,7,NA,NA,NA,NA
2019-06-14,35,26,NA,NA,NA,NA
2019-06-15,31,14,NA,NA,NA,NA
2019-06-16,47,10,NA,NA,NA,NA
2019-06-17,27,11,NA,NA,NA,NA
2019-06-18,27,6,NA,NA,NA,NA
2019-06-19,23,15,NA,NA,NA,NA
2019-06-20,30,14,NA,NA,NA,NA
2019-06-21,30,11,NA,NA,NA,NA
2019-06-22,35,6,NA,NA,NA,NA
2019-06-23,17,7,NA,NA,NA,NA
2019-06-24,39,11,NA,NA,NA,NA
2019-06-25,38,36,NA,NA,NA,NA
2019-06-26,22,9,NA,NA,NA,NA
2019-06-27,21,10,NA,NA,NA,NA
2019-06-28,26,13,NA,NA,NA,NA
2019-06-29,22,12,NA,NA,NA,NA
2019-06-30,35,16,NA,NA,NA,NA
2019-07-01,35,13,NA,NA,NA,NA
2019-07-02,39,7,NA,NA,NA,NA
2019-07-03,35,14,NA,NA,NA,NA
2019-07-04,36,7,NA,NA,NA,NA
2019-07-05,31,6,NA,NA,NA,NA
2019-07-06,22,5,NA,NA,NA,NA
2019-07-07,52,17,NA,NA,NA,NA
2019-07-08,36,15,NA,NA,NA,NA
2019-07-09,36,5,NA,NA,NA,NA
2019-07-10,33,8,NA,NA,NA,NA
2019-07-11,18,10,NA,NA,NA,NA
2019-07-12,32,12,NA,NA,NA,NA
2019-07-13,19,4,NA,NA,NA,NA
2019-07-14,36,11,NA,NA,NA,NA
2019-07-15,32,14,NA,NA,NA,NA
2019-07-16,23,14,NA,NA,NA,NA
2019-07-17,26,8,NA,NA,NA,NA
2019-07-18,30,21,NA,NA,NA,NA
2019-07-19,24,14,NA,NA,NA,NA
2019-07-20,26,3,NA,NA,NA,NA
2019-07-21,30,9,NA,NA,NA,NA
2019-07-22,34,18,NA,NA,NA,NA
2019-07-23,26,14,NA,NA,NA,NA
2019-07-24,23,4,NA,NA,NA,NA
2019-07-25,27,13,NA,NA,NA,NA
2019-07-26,42,21,NA,NA,NA,NA
2019-07-27,21,18,NA,NA,NA,NA
2019-07-28,21,10,NA,NA,NA,NA
2019-07-29,29,16,NA,NA,NA,NA
2019-07-30,28,14,NA,NA,NA,NA
2019-07-31,28,9,NA,NA,NA,NA
2019-08-01,29,15,NA,NA,NA,NA
2019-08-02,30,17,NA,NA,NA,NA
2019-08-03,37,8,NA,NA,NA,NA
2019-08-04,39,5,NA,NA,NA,1
2019-08-05,45,14,NA,NA,NA,NA
2019-08-06,32,5,NA,NA,NA,NA
2019-08-07,34,13,NA,NA,NA,NA
2019-08-08,30,17,NA,NA,1,NA
2019-08-09,34,15,NA,NA,NA,NA
2019-08-10,32,16,NA,NA,NA,NA
2019-08-11,47,5,NA,NA,NA,NA
2019-08-12,30,13,NA,NA,NA,NA
2019-08-13,20,6,NA,NA,NA,NA
2019-08-14,31,13,NA,NA,NA,NA
2019-08-15,30,7,NA,NA,NA,NA
2019-08-16,24,13,NA,NA,NA,NA
2019-08-17,37,8,NA,NA,NA,NA
2019-08-18,39,6,NA,NA,NA,NA
2019-08-19,25,17,NA,NA,NA,NA
2019-08-20,23,4,NA,NA,NA,NA
2019-08-21,28,17,NA,NA,NA,NA
2019-08-22,34,19,NA,NA,NA,NA
2019-08-23,18,19,NA,NA,NA,NA
2019-08-24,22,14,NA,NA,NA,NA
2019-08-25,32,7,NA,NA,NA,NA
2019-08-26,42,14,NA,NA,NA,NA
2019-08-27,32,14,NA,NA,NA,NA
2019-08-28,26,23,NA,NA,NA,NA
2019-08-29,33,14,NA,NA,NA,NA
2019-08-30,30,11,NA,NA,NA,NA
2019-08-31,28,14,NA,NA,NA,NA
2019-09-01,35,8,NA,NA,NA,NA
2019-09-02,30,13,NA,NA,NA,NA
2019-09-03,30,14,NA,NA,NA,NA
2019-09-04,35,5,NA,NA,NA,NA
2019-09-05,27,15,NA,NA,NA,NA
2019-09-06,27,19,NA,NA,NA,NA
2019-09-07,32,9,NA,NA,NA,NA
2019-09-08,38,11,NA,NA,NA,NA
2019-09-09,39,31,NA,NA,NA,NA
2019-09-10,30,17,NA,NA,NA,NA
2019-09-11,35,15,NA,NA,NA,NA
2019-09-12,23,19,NA,NA,NA,NA
2019-09-13,26,10,NA,NA,NA,NA
2019-09-14,24,8,NA,NA,NA,NA
2019-09-15,43,8,NA,NA,NA,NA
2019-09-16,33,7,NA,NA,NA,NA
2019-09-17,29,10,NA,NA,NA,NA
2019-09-18,28,11,NA,NA,NA,NA
2019-09-19,25,16,NA,NA,NA,NA
2019-09-20,21,8,NA,NA,NA,NA
2019-09-21,37,9,NA,NA,NA,NA
2019-09-22,29,18,NA,1,NA,NA
2019-09-23,46,16,NA,NA,NA,NA
2019-09-24,37,11,NA,NA,NA,NA
2019-09-25,33,12,NA,NA,NA,NA
2019-09-26,33,16,NA,NA,NA,NA
2019-09-27,32,23,NA,NA,NA,NA
2019-09-28,39,14,NA,NA,NA,NA
2019-09-29,29,15,NA,1,1,NA
2019-09-30,31,32,NA,NA,NA,NA
2019-10-01,26,17,NA,NA,NA,NA
2019-10-02,29,11,NA,NA,NA,NA
2019-10-03,25,18,NA,NA,NA,NA
2019-10-04,27,15,NA,NA,NA,NA
2019-10-05,24,7,2,NA,NA,NA
2019-10-06,40,8,NA,NA,NA,NA
2019-10-07,27,8,NA,NA,NA,NA
2019-10-08,24,8,NA,1,NA,NA
2019-10-09,26,10,NA,NA,NA,NA
2019-10-10,29,10,NA,NA,NA,NA
2019-10-11,31,12,NA,NA,NA,NA
2019-10-12,19,4,NA,NA,NA,NA
2019-10-13,47,9,NA,NA,NA,NA
2019-10-14,40,11,NA,NA,NA,NA
2019-10-15,24,5,NA,NA,NA,NA
2019-10-16,36,21,NA,NA,NA,NA
2019-10-17,25,19,NA,NA,NA,NA
2019-10-18,33,24,NA,NA,NA,NA
2019-10-19,19,9,NA,NA,NA,NA
2019-10-20,32,12,NA,NA,NA,NA
2019-10-21,32,17,NA,NA,NA,NA
2019-10-22,23,22,NA,NA,NA,NA
2019-10-23,24,9,NA,NA,NA,NA
2019-10-24,20,6,NA,NA,NA,NA
2019-10-25,27,9,NA,NA,NA,NA
2019-10-26,24,5,NA,NA,NA,NA
2019-10-27,24,12,NA,NA,NA,NA
2019-10-28,31,10,NA,NA,NA,NA
2019-10-29,24,8,NA,NA,NA,NA
2019-10-30,37,26,NA,NA,NA,NA
2019-10-31,25,27,NA,NA,NA,NA
2019-11-01,27,23,NA,NA,NA,NA
2019-11-02,23,7,NA,NA,NA,NA
2019-11-03,38,9,NA,NA,NA,NA
2019-11-04,27,11,NA,NA,NA,NA
2019-11-05,25,14,NA,NA,NA,NA
2019-11-06,27,8,NA,NA,NA,NA
2019-11-07,26,13,NA,NA,NA,NA
2019-11-08,31,21,NA,NA,NA,NA
2019-11-09,30,13,NA,NA,NA,NA
2019-11-10,14,6,NA,NA,NA,NA
2019-11-11,34,1,NA,NA,NA,NA
2019-11-12,30,12,NA,NA,NA,NA
2019-11-13,50,23,NA,NA,NA,NA
2019-11-14,29,13,NA,NA,NA,NA
2019-11-15,34,15,NA,NA,NA,NA
2019-11-16,36,9,NA,NA,NA,NA
2019-11-17,29,5,NA,NA,NA,NA
2019-11-18,37,16,NA,NA,NA,NA
2019-11-19,27,13,NA,NA,NA,NA
2019-11-20,45,14,NA,NA,NA,NA
2019-11-21,36,16,NA,NA,NA,NA
2019-11-22,30,18,NA,NA,NA,NA
2019-11-23,22,6,NA,NA,NA,NA
2019-11-24,41,12,NA,NA,NA,NA
2019-11-25,40,28,NA,NA,NA,NA
2019-11-26,30,6,NA,NA,NA,NA
2019-11-27,38,22,NA,NA,NA,NA
2019-11-28,25,7,NA,NA,NA,NA
2019-11-29,23,9,NA,NA,NA,NA
2019-11-30,32,11,NA,NA,NA,NA
2019-12-01,38,16,NA,NA,NA,NA
2019-12-02,27,5,NA,NA,NA,NA
2019-12-03,26,5,NA,NA,NA,NA
2019-12-04,20,11,NA,NA,NA,NA
2019-12-05,21,12,NA,NA,1,NA
2019-12-06,26,19,NA,NA,NA,NA
2019-12-07,31,6,NA,NA,NA,NA
2019-12-08,33,9,NA,NA,NA,NA
2019-12-09,36,19,NA,NA,NA,NA
2019-12-10,31,10,NA,NA,NA,NA
2019-12-11,40,7,NA,NA,NA,NA
2019-12-12,26,13,NA,NA,NA,NA
2019-12-13,35,23,NA,NA,NA,NA
2019-12-14,27,9,NA,NA,NA,NA
2019-12-15,31,19,NA,NA,NA,NA
2019-12-16,38,27,NA,NA,NA,NA
2019-12-17,34,11,NA,NA,NA,NA
2019-12-18,40,14,NA,NA,NA,NA
2019-12-19,22,23,NA,NA,NA,NA
2019-12-20,30,20,NA,NA,1,NA
2019-12-21,27,13,NA,NA,NA,NA
2019-12-22,44,13,NA,NA,NA,NA
2019-12-23,33,21,NA,NA,NA,NA
2019-12-24,25,9,NA,NA,NA,NA
2019-12-25,45,7,NA,NA,NA,NA
2019-12-26,33,17,NA,NA,NA,NA
2019-12-27,40,10,NA,NA,NA,NA
2019-12-28,45,19,NA,NA,NA,NA
2019-12-29,36,7,NA,NA,NA,NA
2019-12-30,38,21,NA,NA,NA,NA
2019-12-31,21,9,NA,NA,NA,NA
2020-01-01,52,12,NA,NA,NA,NA
2020-01-02,20,8,NA,NA,NA,NA
2020-01-03,39,27,NA,NA,NA,NA
2020-01-04,38,8,NA,NA,2,NA
2020-01-05,43,8,NA,NA,NA,NA
2020-01-06,33,15,NA,NA,NA,NA
2020-01-07,30,13,NA,NA,NA,NA
2020-01-08,29,7,NA,NA,NA,NA
2020-01-09,29,12,NA,NA,NA,NA
2020-01-10,27,32,NA,NA,NA,NA
2020-01-11,36,13,NA,NA,NA,NA
2020-01-12,37,15,NA,NA,NA,NA
2020-01-13,33,18,NA,NA,NA,NA
2020-01-14,18,13,NA,NA,NA,NA
2020-01-15,38,15,NA,NA,NA,NA
2020-01-16,24,22,NA,NA,NA,NA
2020-01-17,41,23,NA,NA,NA,NA
2020-01-18,35,14,NA,NA,NA,NA
2020-01-19,34,13,NA,NA,NA,NA
2020-01-20,24,11,NA,NA,NA,NA
2020-01-21,27,19,NA,NA,NA,NA
2020-01-22,32,6,NA,NA,NA,NA
2020-01-23,32,13,NA,NA,NA,NA
2020-01-24,36,26,NA,NA,NA,NA
2020-01-25,23,11,NA,NA,NA,NA
2020-01-26,38,11,NA,NA,NA,NA
2020-01-27,27,9,NA,NA,NA,NA
2020-01-28,37,11,NA,NA,NA,NA
2020-01-29,21,16,NA,NA,NA,NA
2020-01-30,17,6,NA,NA,NA,NA
2020-01-31,29,28,NA,NA,NA,NA
2020-02-01,23,7,NA,NA,NA,NA
2020-02-02,30,8,NA,NA,NA,NA
2020-02-03,26,17,NA,NA,NA,NA
2020-02-04,43,16,NA,NA,NA,NA
2020-02-05,36,14,NA,NA,NA,NA
2020-02-06,26,19,NA,NA,NA,NA
2020-02-07,40,28,NA,NA,NA,NA
2020-02-08,29,32,NA,NA,NA,NA
2020-02-09,20,11,NA,NA,NA,NA
2020-02-10,27,25,NA,NA,NA,NA
2020-02-11,37,17,NA,NA,NA,NA
2020-02-12,35,13,NA,NA,NA,NA
2020-02-13,29,15,NA,NA,NA,NA
2020-02-14,34,22,NA,NA,NA,NA
2020-02-15,37,10,NA,NA,NA,NA
2020-02-16,41,19,NA,NA,NA,NA
2020-02-17,28,13,NA,NA,NA,NA
2020-02-18,21,19,NA,NA,NA,NA
2020-02-19,28,12,NA,NA,NA,NA
2020-02-20,17,9,NA,NA,NA,NA
2020-02-21,45,34,NA,NA,NA,NA
2020-02-22,34,9,NA,NA,NA,NA
2020-02-23,32,8,NA,NA,NA,NA
2020-02-24,29,12,NA,NA,NA,NA
2020-02-25,32,8,NA,NA,NA,NA
2020-02-26,24,10,NA,NA,NA,NA
2020-02-27,25,14,NA,NA,NA,NA
2020-02-28,39,26,NA,NA,NA,NA
2020-02-29,42,18,NA,NA,NA,NA
2020-03-01,21,19,NA,NA,NA,NA
2020-03-02,50,21,NA,NA,NA,NA
2020-03-03,28,8,NA,NA,NA,NA
2020-03-04,32,18,NA,NA,NA,NA
2020-03-05,22,3,NA,NA,NA,NA
2020-03-06,41,25,NA,NA,NA,NA
2020-03-07,31,17,NA,NA,NA,NA
2020-03-08,32,7,NA,NA,NA,NA
2020-03-09,30,17,NA,NA,NA,NA
2020-03-10,23,11,NA,NA,NA,NA
2020-03-11,37,13,NA,NA,NA,NA
2020-03-12,32,32,NA,NA,NA,NA
2020-03-13,34,12,NA,NA,NA,NA
2020-03-14,31,11,NA,NA,NA,NA
2020-03-15,44,21,NA,NA,NA,NA
2020-03-16,32,10,NA,NA,NA,NA
2020-03-17,28,22,NA,NA,NA,NA
2020-03-18,35,23,NA,NA,NA,NA
2020-03-19,30,16,NA,NA,NA,NA
2020-03-20,33,29,NA,NA,NA,NA
2020-03-21,28,7,NA,NA,NA,NA
2020-03-22,22,9,NA,NA,NA,NA
2020-03-23,40,9,NA,NA,NA,NA
2020-03-24,28,9,NA,NA,NA,NA
2020-03-25,34,9,NA,NA,NA,NA
2020-03-26,32,11,NA,NA,NA,NA
2020-03-27,28,15,NA,NA,NA,NA
2020-03-28,41,7,NA,NA,NA,NA
2020-03-29,26,10,NA,NA,NA,NA
2020-03-30,38,16,NA,NA,NA,NA
2020-03-31,43,18,NA,NA,1,NA
2020-04-01,25,12,NA,NA,NA,NA
2020-04-02,34,29,NA,NA,NA,NA
2020-04-03,43,22,NA,NA,NA,NA
2020-04-04,36,6,NA,NA,NA,NA
2020-04-05,37,9,NA,NA,NA,NA
2020-04-06,15,11,NA,NA,NA,NA
2020-04-07,47,16,NA,NA,NA,NA
2020-04-08,41,19,NA,NA,NA,NA
2020-04-09,38,21,NA,NA,NA,NA
2020-04-10,39,17,NA,NA,NA,NA
2020-04-11,40,21,NA,NA,NA,NA
2020-04-12,51,25,NA,NA,NA,NA
2020-04-13,41,12,NA,NA,NA,NA
2020-04-14,30,15,NA,NA,NA,NA
2020-04-15,28,32,NA,NA,NA,NA
2020-04-16,33,14,NA,NA,NA,NA
2020-04-17,31,10,NA,NA,NA,NA
2020-04-18,49,13,NA,NA,NA,NA
2020-04-19,45,14,NA,NA,NA,NA
2020-04-20,42,19,NA,NA,NA,NA
2020-04-21,28,20,NA,NA,NA,NA
2020-04-22,35,19,NA,NA,NA,NA
2020-04-23,42,16,NA,NA,NA,NA
2020-04-24,31,17,NA,NA,NA,NA
2020-04-25,32,7,NA,NA,NA,NA
2020-04-26,40,18,1,NA,NA,NA
2020-04-27,54,23,NA,NA,NA,NA
2020-04-28,24,14,NA,NA,1,NA
2020-04-29,37,20,NA,NA,NA,NA
2020-04-30,36,27,NA,NA,NA,NA
2020-05-01,32,9,NA,NA,NA,NA
2020-05-02,47,17,NA,NA,NA,NA
2020-05-03,53,11,NA,NA,NA,NA
2020-05-04,41,16,NA,NA,NA,NA
2020-05-05,37,15,NA,NA,NA,NA
2020-05-06,33,12,NA,NA,NA,NA
2020-05-07,45,26,NA,NA,NA,NA
2020-05-08,32,21,NA,NA,NA,NA
2020-05-09,42,13,NA,NA,NA,NA
2020-05-10,59,10,NA,NA,NA,NA
2020-05-11,35,8,NA,NA,NA,NA
2020-05-12,38,13,NA,NA,NA,NA
2020-05-13,39,29,NA,NA,NA,NA
2020-05-14,37,23,NA,NA,NA,NA
2020-05-15,57,27,NA,NA,NA,NA
2020-05-16,37,5,NA,NA,NA,NA
2020-05-17,48,9,NA,NA,NA,NA
2020-05-18,56,20,2,NA,NA,NA
2020-05-19,39,10,NA,NA,NA,NA
2020-05-20,33,12,NA,NA,NA,NA
2020-05-21,30,15,NA,NA,NA,NA
2020-05-22,56,36,NA,NA,NA,NA
2020-05-23,44,21,NA,NA,NA,NA
2020-05-24,43,15,NA,NA,NA,NA
2020-05-25,48,40,NA,NA,NA,NA
2020-05-26,53,18,NA,NA,NA,NA
2020-05-27,60,38,NA,NA,NA,NA
2020-05-28,34,22,NA,NA,NA,NA
2020-05-29,42,31,NA,NA,NA,NA
2020-05-30,23,8,NA,NA,NA,NA
2020-05-31,34,10,NA,NA,NA,NA
2020-06-01,44,15,NA,NA,NA,NA
2020-06-02,29,2,NA,NA,NA,NA
2020-06-03,26,12,NA,NA,NA,NA
2020-06-04,34,17,NA,NA,NA,NA
2020-06-05,47,17,NA,NA,NA,NA
2020-06-06,34,19,NA,NA,NA,NA
2020-06-07,28,12,NA,NA,NA,NA
2020-06-08,50,7,NA,NA,NA,NA
2020-06-09,37,10,NA,NA,NA,NA
2020-06-10,40,20,NA,NA,NA,NA
2020-06-11,27,12,NA,NA,NA,NA
2020-06-12,30,16,NA,NA,NA,NA
2020-06-13,40,16,NA,NA,NA,NA
2020-06-14,39,6,NA,NA,NA,NA
2020-06-15,46,24,NA,NA,NA,NA
2020-06-16,51,26,NA,NA,NA,NA
2020-06-17,40,25,NA,NA,NA,NA
2020-06-18,34,26,NA,NA,NA,NA
2020-06-19,30,24,NA,NA,NA,NA
2020-06-20,22,6,NA,NA,NA,NA
2020-06-21,37,13,NA,NA,NA,NA
2020-06-22,43,29,NA,NA,NA,NA
2020-06-23,33,8,NA,NA,NA,NA
2020-06-24,46,10,NA,NA,NA,NA
2020-06-25,27,12,NA,NA,NA,NA
2020-06-26,41,9,NA,NA,NA,NA
2020-06-27,35,18,NA,NA,NA,NA
2020-06-28,29,8,NA,NA,NA,NA
2020-06-29,31,9,NA,NA,NA,NA
2020-06-30,42,24,NA,NA,NA,NA
2020-07-01,30,72,NA,NA,2,NA
2020-07-02,39,25,NA,NA,NA,NA
2020-07-03,22,24,NA,NA,NA,NA
2020-07-04,36,4,NA,NA,NA,NA
2020-07-05,37,16,NA,NA,1,NA
2020-07-06,41,11,NA,NA,NA,NA
2020-07-07,42,23,2,NA,NA,NA
2020-07-08,38,20,NA,NA,NA,NA
2020-07-09,37,17,NA,NA,NA,NA
2020-07-10,32,13,NA,NA,NA,NA
2020-07-11,34,9,NA,NA,NA,NA
2020-07-12,36,8,NA,NA,NA,NA
2020-07-13,30,21,NA,NA,NA,NA
2020-07-14,33,13,NA,NA,NA,NA
2020-07-15,34,9,2,NA,NA,NA
2020-07-16,29,16,NA,NA,NA,NA
2020-07-17,25,10,NA,NA,NA,NA
2020-07-18,48,15,NA,NA,NA,NA
2020-07-19,23,19,NA,NA,NA,NA
2020-07-20,35,36,NA,NA,NA,NA
2020-07-21,40,12,NA,NA,NA,NA
2020-07-22,42,34,NA,NA,NA,NA
2020-07-23,31,18,NA,NA,NA,NA
2020-07-24,33,14,NA,NA,NA,NA
2020-07-25,38,14,NA,NA,NA,NA
2020-07-26,31,10,NA,NA,NA,NA
2020-07-27,30,9,NA,NA,NA,NA
2020-07-28,42,9,NA,NA,NA,NA
2020-07-29,31,15,NA,NA,NA,NA
2020-07-30,36,25,NA,NA,NA,NA
2020-07-31,32,18,NA,NA,NA,NA
2020-08-01,39,12,NA,NA,NA,NA
2020-08-02,34,17,NA,NA,NA,NA
2020-08-03,45,15,NA,NA,NA,NA
2020-08-04,37,9,NA,NA,NA,NA
2020-08-05,36,13,NA,NA,NA,NA
2020-08-06,39,13,NA,NA,NA,NA
2020-08-07,30,14,NA,NA,NA,NA
2020-08-08,49,20,NA,NA,NA,NA
2020-08-09,41,10,NA,NA,NA,NA
2020-08-10,56,25,NA,NA,NA,NA
2020-08-11,37,13,NA,NA,NA,NA
2020-08-12,33,26,NA,NA,NA,NA
2020-08-13,33,14,NA,NA,NA,NA
2020-08-14,45,11,NA,NA,NA,NA
2020-08-15,33,12,NA,NA,NA,NA
2020-08-16,35,21,NA,NA,NA,NA
2020-08-17,44,32,NA,NA,NA,NA
2020-08-18,51,18,NA,NA,NA,NA
2020-08-19,24,14,NA,NA,NA,NA
2020-08-20,35,15,NA,NA,NA,NA
2020-08-21,28,24,NA,NA,NA,NA
2020-08-22,34,17,NA,NA,NA,NA
2020-08-23,26,21,NA,NA,NA,NA
2020-08-24,41,21,NA,NA,NA,NA
2020-08-25,24,15,NA,NA,NA,NA
2020-08-26,39,23,NA,NA,NA,NA
2020-08-27,35,15,NA,NA,NA,NA
2020-08-28,34,19,NA,NA,NA,NA
2020-08-29,29,13,NA,NA,NA,NA
2020-08-30,38,9,NA,NA,NA,NA
2020-08-31,58,16,NA,NA,NA,NA
2020-09-01,35,13,NA,NA,NA,NA
2020-09-02,44,14,NA,NA,NA,NA
2020-09-03,37,12,NA,NA,NA,NA
2020-09-04,35,12,NA,NA,NA,NA
2020-09-05,30,13,NA,NA,NA,NA
2020-09-06,40,12,NA,NA,NA,NA
2020-09-07,36,11,NA,NA,1,NA
2020-09-08,49,17,NA,NA,NA,NA
2020-09-09,38,9,NA,NA,NA,NA
2020-09-10,43,20,NA,NA,NA,NA
2020-09-11,39,24,NA,NA,NA,NA
2020-09-12,34,3,NA,NA,NA,NA
2020-09-13,33,11,NA,NA,NA,NA
2020-09-14,58,18,NA,NA,NA,NA
2020-09-15,37,20,NA,NA,NA,NA
2020-09-16,40,16,NA,NA,NA,NA
2020-09-17,37,12,NA,NA,NA,NA
2020-09-18,28,22,NA,NA,NA,NA
2020-09-19,34,21,NA,NA,NA,NA
2020-09-20,40,20,NA,NA,NA,NA
2020-09-21,43,13,NA,NA,NA,NA
2020-09-22,27,9,NA,NA,NA,NA
2020-09-23,43,16,NA,NA,NA,NA
2020-09-24,28,44,NA,NA,NA,NA
2020-09-25,23,6,NA,NA,NA,NA
2020-09-26,32,12,NA,NA,NA,NA
2020-09-27,43,11,NA,NA,NA,NA
2020-09-28,49,29,NA,NA,NA,NA
2020-09-29,38,11,NA,NA,NA,NA
2020-09-30,36,25,NA,NA,NA,NA
2020-10-01,30,11,NA,NA,NA,NA
2020-10-02,34,13,NA,NA,NA,NA
2020-10-03,29,12,NA,NA,NA,NA
2020-10-04,34,12,NA,NA,NA,NA
2020-10-05,39,15,NA,NA,NA,NA
2020-10-06,36,22,NA,NA,NA,NA
2020-10-07,44,23,NA,NA,NA,NA
2020-10-08,32,12,NA,NA,NA,NA
2020-10-09,30,15,NA,NA,NA,NA
2020-10-10,27,15,NA,NA,NA,NA
2020-10-11,33,15,NA,NA,1,NA
2020-10-12,47,14,NA,NA,NA,NA
2020-10-13,37,12,NA,NA,NA,NA
2020-10-14,46,22,NA,NA,NA,NA
2020-10-15,35,18,NA,NA,NA,NA
2020-10-16,33,19,NA,NA,NA,NA
2020-10-17,21,13,NA,NA,NA,NA
2020-10-18,38,5,NA,NA,NA,NA
2020-10-19,43,20,NA,NA,NA,NA
2020-10-20,40,28,NA,NA,NA,NA
2020-10-21,28,22,NA,NA,NA,NA
2020-10-22,37,16,NA,NA,NA,NA
2020-10-23,31,20,NA,NA,NA,NA
2020-10-24,27,7,NA,NA,NA,NA
2020-10-25,44,11,NA,NA,NA,NA
2020-10-26,57,25,NA,NA,NA,NA
2020-10-27,39,12,NA,NA,NA,NA
2020-10-28,40,14,NA,NA,NA,NA
2020-10-29,26,21,NA,NA,1,NA
2020-10-30,30,16,NA,NA,NA,NA
2020-10-31,26,11,NA,NA,NA,NA
2020-11-01,46,16,NA,NA,NA,NA
2020-11-02,44,23,NA,NA,NA,NA
2020-11-03,43,8,NA,NA,NA,NA
2020-11-04,34,22,NA,NA,NA,NA
2020-11-05,36,25,NA,NA,NA,NA
2020-11-06,43,21,NA,NA,NA,NA
2020-11-07,29,10,NA,NA,NA,NA
2020-11-08,41,11,NA,NA,NA,NA
2020-11-09,46,8,NA,NA,NA,NA
2020-11-10,39,28,NA,NA,NA,NA
2020-11-11,45,29,NA,NA,NA,NA
2020-11-12,37,12,NA,NA,NA,NA
2020-11-13,33,15,NA,NA,NA,NA
2020-11-14,26,11,NA,NA,NA,NA
2020-11-15,44,11,NA,NA,NA,NA
2020-11-16,38,11,NA,NA,NA,NA
2020-11-17,47,25,NA,NA,NA,NA
2020-11-18,34,13,NA,NA,NA,NA
2020-11-19,42,27,NA,NA,NA,NA
2020-11-20,43,12,NA,NA,NA,NA
2020-11-21,41,14,NA,NA,NA,NA
2020-11-22,32,11,NA,NA,NA,NA
2020-11-23,44,7,NA,NA,NA,NA
2020-11-24,31,9,NA,NA,NA,NA
2020-11-25,37,10,NA,NA,NA,NA
2020-11-26,46,14,NA,NA,NA,NA
2020-11-27,29,3,NA,NA,NA,NA
2020-11-28,24,6,NA,NA,NA,NA
2020-11-29,37,6,NA,NA,NA,NA
2020-11-30,58,19,NA,NA,NA,NA
2020-12-01,42,22,NA,NA,NA,NA
2020-12-02,45,17,NA,NA,NA,NA
2020-12-03,41,25,NA,NA,NA,NA
2020-12-04,36,18,NA,NA,NA,NA
2020-12-05,48,7,NA,NA,NA,NA
2020-12-06,33,12,NA,NA,NA,NA
2020-12-07,63,22,NA,NA,NA,NA
2020-12-08,51,18,NA,NA,NA,NA
2020-12-09,48,16,NA,NA,NA,NA
2020-12-10,42,20,NA,NA,NA,NA
2020-12-11,45,14,NA,NA,NA,NA
2020-12-12,31,9,NA,NA,NA,NA
2020-12-13,60,14,NA,NA,NA,NA
2020-12-14,74,14,NA,NA,NA,NA
2020-12-15,48,23,NA,NA,NA,NA
2020-12-16,44,16,NA,NA,NA,NA
2020-12-17,48,10,NA,NA,NA,NA
2020-12-18,39,11,NA,NA,NA,NA
2020-12-19,41,5,NA,NA,NA,NA
2020-12-20,45,12,NA,NA,NA,NA
2020-12-21,62,18,NA,NA,NA,NA
2020-12-22,65,23,NA,NA,NA,NA
2020-12-23,49,30,NA,NA,NA,NA
2020-12-24,43,19,NA,NA,NA,NA
2020-12-25,42,12,NA,NA,NA,NA
2020-12-26,44,14,NA,NA,NA,NA
2020-12-27,49,6,NA,NA,NA,NA
2020-12-28,62,15,NA,NA,NA,NA
2020-12-29,56,30,NA,NA,NA,NA
2020-12-30,53,19,NA,NA,NA,NA
2020-12-31,47,11,NA,NA,NA,NA
2021-01-01,46,16,NA,NA,NA,NA
2021-01-02,34,8,NA,NA,NA,NA
2021-01-03,34,24,NA,NA,NA,NA
2021-01-04,46,16,NA,NA,NA,NA
2021-01-05,55,25,NA,NA,NA,NA
2021-01-06,40,27,NA,NA,NA,NA
2021-01-07,50,14,NA,NA,NA,NA
2021-01-08,32,14,NA,NA,NA,NA
2021-01-09,42,16,NA,NA,NA,NA
2021-01-10,35,9,NA,NA,NA,NA
2021-01-11,43,10,NA,NA,NA,NA
2021-01-12,48,20,NA,NA,NA,NA
2021-01-13,46,7,NA,NA,NA,NA
2021-01-14,25,19,NA,NA,1,NA
2021-01-15,39,18,NA,NA,NA,NA
2021-01-16,40,14,NA,NA,NA,NA
2021-01-17,55,24,NA,NA,NA,NA
2021-01-18,39,16,NA,NA,NA,NA
2021-01-19,41,24,NA,NA,NA,NA
2021-01-20,38,22,NA,NA,NA,NA
2021-01-21,40,22,NA,NA,NA,NA
2021-01-22,33,3,NA,NA,NA,NA
2021-01-23,50,30,NA,NA,NA,NA
2021-01-24,42,19,NA,NA,NA,NA
2021-01-25,45,38,NA,NA,1,NA
2021-01-26,36,11,NA,NA,NA,NA
2021-01-27,53,30,NA,NA,NA,NA
2021-01-28,33,21,NA,NA,1,NA
2021-01-29,34,10,NA,NA,NA,NA
2021-01-30,52,12,NA,NA,NA,NA
2021-01-31,53,14,NA,NA,NA,NA
2021-02-01,48,19,NA,NA,NA,NA
2021-02-02,32,10,NA,NA,NA,NA
2021-02-03,34,13,NA,NA,NA,NA
2021-02-04,51,29,NA,NA,NA,NA
2021-02-05,37,12,NA,NA,NA,NA
2021-02-06,31,8,NA,NA,NA,NA
2021-02-07,45,16,NA,NA,NA,NA
2021-02-08,41,19,NA,NA,NA,NA
2021-02-09,48,17,NA,NA,NA,NA
2021-02-10,39,27,NA,NA,NA,NA
2021-02-11,30,13,NA,NA,NA,NA
2021-02-12,29,5,NA,NA,NA,NA
2021-02-13,31,11,NA,NA,NA,NA
2021-02-14,36,23,NA,NA,NA,NA
2021-02-15,15,6,NA,NA,NA,NA
2021-02-16,32,7,NA,NA,NA,NA
2021-02-17,23,11,NA,NA,NA,NA
2021-02-18,46,20,NA,NA,NA,NA
2021-02-19,32,6,NA,NA,NA,NA
2021-02-20,43,13,NA,NA,NA,NA
2021-02-21,39,14,NA,NA,NA,NA
2021-02-22,42,15,NA,NA,NA,NA
2021-02-23,42,7,NA,NA,NA,NA
2021-02-24,36,14,NA,NA,NA,NA
2021-02-25,37,31,NA,NA,NA,NA
2021-02-26,43,21,NA,NA,NA,NA
2021-02-27,37,8,NA,NA,NA,NA
2021-02-28,38,9,NA,NA,NA,NA
2021-03-01,35,13,NA,NA,NA,NA
2021-03-02,32,16,NA,NA,NA,NA
2021-03-03,28,23,NA,NA,NA,NA
2021-03-04,40,14,NA,NA,NA,NA
2021-03-05,28,11,NA,NA,1,NA
2021-03-06,44,13,NA,NA,NA,NA
2021-03-07,51,12,NA,NA,NA,NA
2021-03-08,39,28,NA,NA,NA,NA
2021-03-09,45,22,NA,NA,NA,NA
2021-03-10,30,15,NA,NA,NA,NA
2021-03-11,40,28,1,NA,NA,NA
2021-03-12,46,10,NA,NA,NA,NA
2021-03-13,39,13,NA,NA,NA,NA
2021-03-14,50,32,NA,NA,NA,NA
2021-03-15,47,16,NA,NA,NA,NA
2021-03-16,40,14,NA,NA,NA,NA
2021-03-17,28,9,NA,NA,NA,NA
2021-03-18,47,20,NA,NA,NA,NA
2021-03-19,33,27,NA,NA,NA,NA
2021-03-20,34,14,NA,NA,NA,NA
2021-03-21,35,20,NA,NA,NA,NA
2021-03-22,39,19,NA,NA,NA,NA
2021-03-23,52,22,NA,NA,NA,NA
2021-03-24,35,14,NA,NA,NA,NA
2021-03-25,47,22,NA,NA,NA,NA
2021-03-26,41,28,NA,NA,1,NA
2021-03-27,48,21,NA,NA,NA,NA
2021-03-28,41,10,NA,NA,NA,NA
2021-03-29,52,34,NA,NA,NA,NA
2021-03-30,50,14,NA,NA,1,NA
2021-03-31,42,26,NA,NA,NA,NA
2021-04-01,41,29,NA,NA,NA,NA
2021-04-02,36,14,NA,NA,NA,NA
2021-04-03,44,17,NA,NA,NA,NA
2021-04-04,29,13,NA,NA,NA,NA
2021-04-05,55,22,NA,NA,NA,NA
2021-04-06,43,20,NA,NA,NA,NA
2021-04-07,51,31,NA,NA,NA,NA
2021-04-08,48,15,NA,NA,NA,NA
2021-04-09,39,22,NA,NA,NA,NA
2021-04-10,35,16,NA,NA,NA,NA
2021-04-11,46,17,NA,NA,NA,NA
2021-04-12,47,33,NA,NA,NA,NA
2021-04-13,65,28,NA,NA,NA,NA
2021-04-14,27,35,NA,NA,NA,NA
2021-04-15,42,20,NA,NA,NA,NA
2021-04-16,44,13,NA,NA,NA,NA
2021-04-17,44,21,NA,NA,NA,NA
2021-04-18,36,12,NA,NA,NA,NA
2021-04-19,35,18,NA,NA,NA,NA
2021-04-20,36,17,NA,NA,NA,NA
2021-04-21,41,16,NA,NA,NA,NA
2021-04-22,35,18,NA,NA,NA,NA
2021-04-23,37,23,NA,NA,NA,NA
2021-04-24,28,20,NA,NA,NA,NA
2021-04-25,55,19,NA,NA,NA,NA
2021-04-26,50,17,NA,NA,NA,NA
2021-04-27,47,16,NA,NA,NA,NA
2021-04-28,41,15,NA,NA,NA,NA
2021-04-29,59,16,NA,NA,NA,NA
2021-04-30,43,25,NA,NA,NA,NA
2021-05-01,47,24,NA,NA,NA,NA
2021-05-02,52,19,NA,NA,NA,NA
2021-05-03,43,13,NA,NA,NA,NA
2021-05-04,42,27,NA,NA,NA,NA
2021-05-05,45,11,NA,NA,NA,NA
2021-05-06,53,25,NA,NA,NA,NA
2021-05-07,35,21,NA,NA,NA,NA
2021-05-08,36,17,NA,NA,NA,NA
2021-05-09,34,20,NA,NA,NA,NA
2021-05-10,48,13,NA,NA,NA,NA
2021-05-11,45,22,NA,NA,NA,NA
2021-05-12,49,26,NA,NA,NA,NA
2021-05-13,46,27,NA,NA,NA,NA
2021-05-14,40,13,NA,NA,NA,NA
2021-05-15,29,11,NA,NA,NA,NA
2021-05-16,46,15,NA,NA,NA,NA
2021-05-17,44,17,NA,NA,NA,NA
2021-05-18,36,17,NA,NA,NA,NA
2021-05-19,46,5,NA,NA,NA,NA
2021-05-20,49,22,NA,NA,NA,NA
2021-05-21,33,18,NA,NA,NA,NA
2021-05-22,29,14,NA,NA,NA,NA
2021-05-23,51,24,NA,NA,NA,NA
2021-05-24,57,20,NA,NA,NA,NA
2021-05-25,50,21,NA,NA,NA,NA
2021-05-26,31,7,NA,NA,NA,NA
2021-05-27,38,15,NA,NA,NA,NA
2021-05-28,34,23,NA,NA,NA,NA
2021-05-29,51,18,NA,NA,NA,NA
2021-05-30,33,12,NA,NA,NA,NA
2021-05-31,49,12,NA,NA,NA,NA
2021-06-01,56,14,NA,NA,NA,NA
2021-06-02,43,15,NA,NA,NA,NA
2021-06-03,42,6,NA,NA,NA,NA
2021-06-04,36,16,NA,NA,NA,NA
2021-06-05,47,23,NA,NA,NA,NA
2021-06-06,36,8,NA,NA,NA,NA
2021-06-07,45,17,NA,NA,NA,NA
2021-06-08,49,18,NA,NA,NA,NA
2021-06-09,38,12,NA,NA,NA,NA
2021-06-10,37,12,NA,NA,NA,NA
2021-06-11,35,26,NA,NA,NA,NA
2021-06-12,45,11,NA,NA,NA,NA
2021-06-13,24,7,NA,NA,NA,NA
2021-06-14,53,15,NA,NA,NA,NA
2021-06-15,42,34,NA,NA,NA,NA
2021-06-16,36,9,NA,NA,NA,NA
2021-06-17,33,15,NA,NA,NA,NA
2021-06-18,45,22,NA,NA,NA,NA
2021-06-19,44,20,NA,NA,NA,NA
2021-06-20,40,8,NA,NA,NA,NA
2021-06-21,41,22,NA,NA,NA,NA
2021-06-22,42,13,NA,NA,NA,NA
2021-06-23,41,17,NA,NA,NA,NA
2021-06-24,44,11,NA,NA,NA,NA
2021-06-25,34,18,NA,NA,NA,NA
2021-06-26,23,15,NA,NA,NA,NA
2021-06-27,39,18,NA,NA,NA,NA
2021-06-28,55,22,NA,NA,NA,NA
2021-06-29,59,21,NA,NA,NA,NA
2021-06-30,32,16,NA,NA,NA,NA
2021-07-01,35,15,NA,NA,NA,NA
2021-07-02,36,15,NA,NA,NA,NA
2021-07-03,37,19,NA,NA,NA,NA
2021-07-04,57,16,1,NA,NA,NA
2021-07-05,45,19,NA,NA,NA,NA
2021-07-06,46,9,NA,NA,NA,NA
2021-07-07,42,8,NA,NA,NA,NA
2021-07-08,44,26,NA,NA,NA,NA
2021-07-09,43,12,NA,NA,NA,NA
2021-07-10,32,9,NA,NA,NA,NA
2021-07-11,38,30,NA,NA,NA,NA
2021-07-12,52,16,NA,NA,NA,NA
2021-07-13,46,8,NA,NA,NA,NA
2021-07-14,35,9,NA,NA,NA,NA
2021-07-15,38,17,NA,NA,NA,NA
2021-07-16,43,16,NA,NA,NA,NA
2021-07-17,42,18,NA,NA,NA,NA
2021-07-18,37,11,NA,NA,NA,NA
2021-07-19,50,12,NA,NA,NA,NA
2021-07-20,34,15,NA,NA,NA,NA
2021-07-21,47,11,NA,NA,NA,NA
2021-07-22,42,11,NA,NA,NA,NA
2021-07-23,40,18,NA,NA,NA,NA
2021-07-24,36,27,NA,NA,NA,NA
2021-07-25,31,8,NA,NA,NA,NA
2021-07-26,43,18,NA,NA,NA,NA
2021-07-27,44,18,NA,NA,NA,NA
2021-07-28,50,18,NA,NA,NA,NA
2021-07-29,32,15,NA,NA,NA,NA
2021-07-30,37,16,NA,NA,NA,NA
2021-07-31,26,14,NA,NA,NA,NA
2021-08-01,35,16,NA,NA,NA,NA
2021-08-02,44,21,NA,NA,NA,NA
2021-08-03,50,25,NA,NA,NA,NA
2021-08-04,40,26,NA,NA,NA,NA
2021-08-05,30,20,NA,NA,NA,NA
2021-08-06,35,15,NA,NA,NA,NA
2021-08-07,36,8,NA,NA,NA,NA
2021-08-08,28,11,NA,NA,NA,NA
2021-08-09,46,16,NA,NA,NA,NA
2021-08-10,43,16,NA,NA,NA,NA
2021-08-11,38,24,NA,NA,NA,NA
2021-08-12,42,15,NA,NA,NA,NA
2021-08-13,58,35,NA,NA,NA,NA
2021-08-14,36,11,NA,NA,NA,NA
2021-08-15,41,21,NA,NA,NA,NA
2021-08-16,34,18,NA,NA,NA,NA
2021-08-17,35,26,NA,NA,NA,NA
2021-08-18,37,8,NA,NA,NA,NA
2021-08-19,36,19,NA,1,NA,NA
2021-08-20,33,22,NA,NA,NA,NA
2021-08-21,43,19,NA,NA,NA,NA
2021-08-22,42,13,NA,NA,NA,NA
2021-08-23,44,20,NA,NA,NA,NA
2021-08-24,36,10,NA,NA,NA,NA
2021-08-25,40,15,NA,NA,NA,NA
2021-08-26,33,15,NA,NA,NA,NA
2021-08-27,37,26,NA,NA,NA,NA
2021-08-28,37,17,NA,NA,NA,NA
2021-08-29,33,12,NA,NA,NA,NA
2021-08-30,60,22,NA,NA,NA,NA
2021-08-31,30,10,NA,NA,NA,NA
2021-09-01,36,19,NA,NA,NA,NA
2021-09-02,42,21,NA,NA,NA,NA
2021-09-03,30,20,NA,NA,NA,NA
2021-09-04,43,19,NA,NA,NA,NA
2021-09-05,24,17,NA,NA,NA,NA
2021-09-06,64,22,NA,NA,NA,NA
2021-09-07,48,10,NA,NA,NA,NA
2021-09-08,34,23,NA,NA,NA,NA
2021-09-09,39,16,NA,NA,NA,NA
2021-09-10,46,16,NA,NA,NA,NA
2021-09-11,37,7,NA,NA,NA,NA
2021-09-12,48,24,NA,NA,NA,NA
2021-09-13,37,18,NA,NA,NA,NA
2021-09-14,46,7,NA,NA,NA,NA
2021-09-15,36,12,NA,NA,NA,NA
2021-09-16,42,23,NA,NA,NA,NA
2021-09-17,37,20,NA,NA,NA,NA
2021-09-18,38,18,NA,NA,NA,NA
2021-09-19,45,16,NA,NA,NA,NA
2021-09-20,47,20,NA,NA,NA,NA
2021-09-21,33,14,2,NA,NA,NA
2021-09-22,40,16,NA,NA,NA,NA
2021-09-23,35,15,NA,NA,NA,NA
2021-09-24,31,8,NA,NA,NA,NA
2021-09-25,36,8,NA,NA,NA,NA
2021-09-26,39,12,NA,NA,NA,NA
2021-09-27,37,30,NA,NA,NA,NA
2021-09-28,39,24,NA,NA,NA,NA
2021-09-29,41,16,NA,NA,NA,NA
2021-09-30,37,10,NA,NA,NA,NA
2021-10-01,38,14,NA,NA,NA,NA
2021-10-02,29,16,NA,NA,NA,NA
2021-10-03,47,15,NA,NA,NA,NA
2021-10-04,41,9,NA,NA,NA,NA
2021-10-05,38,7,NA,NA,NA,NA
2021-10-06,29,24,NA,NA,NA,NA
2021-10-07,45,16,NA,NA,NA,NA
2021-10-08,44,19,NA,NA,NA,NA
2021-10-09,30,19,NA,NA,NA,NA
2021-10-10,34,27,NA,NA,NA,NA
2021-10-11,40,8,NA,NA,NA,NA
2021-10-12,42,14,NA,NA,NA,NA
2021-10-13,34,9,NA,NA,NA,NA
2021-10-14,46,20,NA,NA,NA,NA
2021-10-15,34,18,NA,NA,NA,NA
2021-10-16,32,8,NA,NA,NA,NA
2021-10-17,25,12,NA,NA,NA,NA
2021-10-18,29,6,NA,NA,NA,NA
2021-10-19,34,10,NA,NA,NA,NA
2021-10-20,35,11,NA,NA,NA,NA
2021-10-21,30,21,NA,NA,NA,NA
2021-10-22,35,23,NA,NA,NA,NA
2021-10-23,34,19,NA,NA,NA,NA
2021-10-24,48,25,NA,NA,NA,NA
2021-10-25,42,10,NA,NA,NA,NA
2021-10-26,47,25,NA,NA,NA,NA
2021-10-27,40,22,NA,NA,NA,NA
2021-10-28,50,15,NA,NA,NA,NA
2021-10-29,27,8,NA,NA,NA,NA
2021-10-30,38,16,NA,NA,NA,NA
2021-10-31,46,7,NA,NA,2,NA
2021-11-01,49,17,NA,NA,NA,NA
2021-11-02,35,10,NA,NA,NA,NA
2021-11-03,35,19,NA,NA,NA,NA
2021-11-04,33,8,NA,NA,NA,NA
2021-11-05,36,25,NA,NA,NA,NA
2021-11-06,26,7,NA,NA,NA,NA
2021-11-07,37,18,NA,NA,NA,NA
2021-11-08,37,8,NA,NA,NA,NA
2021-11-09,33,22,NA,NA,NA,NA
2021-11-10,39,12,NA,NA,NA,NA
2021-11-11,37,16,NA,NA,NA,NA
2021-11-12,40,21,NA,NA,NA,NA
2021-11-13,37,14,NA,NA,NA,NA
2021-11-14,32,13,NA,NA,NA,NA
2021-11-15,41,3,NA,NA,NA,NA
2021-11-16,43,18,NA,NA,NA,NA
2021-11-17,34,19,NA,NA,NA,NA
2021-11-18,28,21,NA,NA,NA,NA
2021-11-19,24,17,NA,NA,NA,NA
2021-11-20,25,10,NA,NA,NA,NA
2021-11-21,28,17,NA,NA,NA,NA
2021-11-22,50,13,NA,NA,NA,NA
2021-11-23,40,14,NA,NA,NA,NA
2021-11-24,30,14,NA,NA,NA,NA
2021-11-25,32,20,NA,NA,NA,NA
2021-11-26,40,9,NA,NA,NA,NA
2021-11-27,18,18,NA,NA,NA,NA
2021-11-28,34,8,NA,NA,NA,NA
2021-11-29,52,32,NA,NA,NA,NA
2021-11-30,49,23,NA,NA,NA,NA
2021-12-01,38,14,NA,NA,NA,NA
2021-12-02,48,22,NA,NA,NA,NA
2021-12-03,34,10,NA,NA,NA,NA
2021-12-04,35,17,NA,NA,NA,NA
2021-12-05,54,26,NA,NA,NA,NA
2021-12-06,38,15,NA,NA,NA,NA
2021-12-07,30,22,NA,NA,NA,NA
2021-12-08,50,24,NA,NA,NA,NA
2021-12-09,27,15,NA,NA,NA,NA
2021-12-10,37,17,NA,NA,NA,NA
2021-12-11,25,15,NA,NA,NA,NA
2021-12-12,41,27,NA,NA,NA,NA
2021-12-13,37,3,NA,NA,NA,NA
2021-12-14,41,12,NA,NA,NA,NA
2021-12-15,35,23,NA,NA,NA,NA
2021-12-16,28,13,NA,NA,NA,NA
2021-12-17,38,15,NA,NA,NA,NA
2021-12-18,25,10,NA,NA,NA,NA
2021-12-19,43,19,NA,NA,NA,NA
2021-12-20,28,9,NA,NA,NA,NA
2021-12-21,44,9,NA,NA,NA,NA
2021-12-22,26,12,NA,NA,NA,NA
2021-12-23,39,26,NA,NA,NA,NA
2021-12-24,34,10,NA,NA,NA,NA
2021-12-25,28,9,NA,NA,NA,NA
2021-12-26,38,15,NA,NA,NA,NA
2021-12-27,42,8,NA,NA,NA,NA
2021-12-28,42,3,NA,NA,NA,NA
2021-12-29,34,24,NA,NA,NA,NA
2021-12-30,34,17,NA,NA,NA,NA
2021-12-31,47,15,NA,NA,NA,NA
2022-01-01,38,12,NA,NA,NA,NA
2022-01-02,44,14,NA,NA,NA,NA
2022-01-03,24,NA,NA,NA,NA,NA
2022-01-04,31,15,NA,NA,NA,NA
2022-01-05,38,18,NA,NA,NA,NA
2022-01-06,50,27,NA,NA,NA,NA
2022-01-07,26,15,NA,NA,NA,NA
2022-01-08,39,11,NA,NA,NA,NA
2022-01-09,37,13,NA,NA,NA,NA
2022-01-10,38,9,NA,NA,NA,NA
2022-01-11,37,7,NA,NA,NA,NA
2022-01-12,38,17,NA,NA,NA,NA
2022-01-13,34,10,NA,NA,NA,NA
2022-01-14,20,13,NA,NA,NA,NA
2022-01-15,32,24,NA,NA,NA,NA
2022-01-16,34,7,NA,NA,NA,NA
2022-01-17,30,19,NA,NA,NA,NA
2022-01-18,20,10,NA,NA,NA,NA
2022-01-19,27,4,NA,NA,NA,NA
2022-01-20,37,16,NA,NA,NA,NA
2022-01-21,41,11,NA,NA,NA,NA
2022-01-22,28,6,NA,NA,NA,NA
2022-01-23,25,15,NA,NA,NA,NA
2022-01-24,23,14,NA,NA,NA,NA
2022-01-25,26,18,NA,NA,NA,NA
2022-01-26,36,19,NA,NA,NA,NA
2022-01-27,19,14,NA,NA,NA,NA
2022-01-28,24,13,NA,NA,NA,NA
2022-01-29,24,8,NA,NA,NA,NA
2022-01-30,22,8,NA,NA,NA,NA
2022-01-31,32,20,NA,NA,NA,NA
2022-02-01,36,17,NA,NA,NA,NA
2022-02-02,43,24,NA,NA,NA,NA
2022-02-03,41,25,NA,NA,NA,NA
2022-02-04,25,6,NA,NA,NA,NA
2022-02-05,29,14,NA,NA,NA,NA
2022-02-06,29,5,NA,NA,NA,NA
2022-02-07,38,19,NA,NA,NA,NA
2022-02-08,44,21,NA,NA,NA,NA
2022-02-09,19,10,NA,NA,NA,NA
2022-02-10,32,12,NA,NA,NA,NA
2022-02-11,32,11,NA,NA,NA,NA
2022-02-12,27,13,NA,NA,NA,NA
2022-02-13,41,8,NA,NA,NA,NA
2022-02-14,48,15,NA,NA,NA,NA
2022-02-15,48,23,NA,NA,NA,NA
2022-02-16,31,14,NA,NA,NA,NA
2022-02-17,30,21,NA,NA,NA,NA
2022-02-18,42,11,NA,NA,NA,NA
2022-02-19,38,12,NA,NA,NA,NA
2022-02-20,38,15,NA,NA,NA,NA
2022-02-21,39,13,NA,NA,NA,NA
2022-02-22,31,8,NA,NA,NA,NA
2022-02-23,35,12,NA,NA,NA,NA
2022-02-24,34,15,NA,NA,NA,NA
2022-02-25,32,18,NA,NA,NA,NA
2022-02-26,36,7,NA,NA,NA,NA
2022-02-27,25,9,NA,NA,NA,NA
2022-02-28,36,15,NA,NA,NA,NA
2022-03-01,38,13,NA,NA,NA,NA
2022-03-02,29,10,NA,NA,NA,NA
2022-03-03,37,12,NA,NA,NA,NA
2022-03-04,47,20,NA,NA,NA,NA
2022-03-05,23,9,NA,NA,NA,NA
2022-03-06,42,10,NA,NA,NA,NA
2022-03-07,41,16,NA,NA,NA,NA
2022-03-08,32,21,NA,NA,NA,NA
2022-03-09,29,17,NA,NA,NA,NA
2022-03-10,52,23,NA,1,NA,NA
2022-03-11,28,24,NA,NA,NA,NA
2022-03-12,37,10,NA,NA,NA,NA
2022-03-13,28,21,NA,NA,NA,NA
2022-03-14,24,6,NA,NA,NA,NA
2022-03-15,31,12,NA,NA,NA,NA
2022-03-16,25,11,NA,NA,NA,NA
2022-03-17,31,16,NA,NA,NA,NA
2022-03-18,32,16,NA,NA,NA,NA
2022-03-19,31,14,NA,NA,NA,NA
2022-03-20,39,7,NA,NA,NA,NA
2022-03-21,45,6,NA,NA,NA,NA
2022-03-22,30,11,NA,NA,NA,NA
2022-03-23,43,14,NA,NA,NA,NA
2022-03-24,28,8,NA,NA,NA,NA
2022-03-25,17,10,NA,NA,NA,NA
2022-03-26,4,2,NA,NA,NA,NA
2022-03-27,64,15,NA,NA,NA,NA
2022-03-28,44,17,NA,NA,NA,NA
2022-03-29,35,11,NA,NA,NA,NA
2022-03-30,43,16,NA,NA,NA,NA
2022-03-31,32,7,NA,NA,NA,NA
2022-04-01,44,13,NA,NA,NA,NA
2022-04-02,21,3,NA,NA,NA,NA
2022-04-03,34,12,NA,NA,NA,NA
2022-04-04,39,13,NA,NA,NA,NA
2022-04-05,43,10,NA,NA,NA,NA
2022-04-06,26,8,NA,NA,NA,NA
2022-04-07,20,13,NA,NA,NA,NA
2022-04-08,22,8,NA,NA,NA,NA
2022-04-09,28,11,NA,NA,NA,NA
2022-04-10,31,7,NA,NA,NA,NA
2022-04-11,38,5,NA,NA,NA,NA
2022-04-12,17,5,NA,NA,NA,NA
2022-04-13,34,9,NA,NA,NA,NA
2022-04-14,35,5,NA,NA,NA,NA
2022-04-15,33,9,NA,NA,NA,NA
2022-04-16,26,18,NA,NA,NA,NA
2022-04-17,24,3,NA,NA,NA,NA
2022-04-18,52,19,NA,NA,NA,NA
2022-04-19,40,12,NA,NA,1,NA
2022-04-20,32,12,NA,NA,NA,NA
2022-04-21,24,12,NA,NA,NA,NA
2022-04-22,43,13,NA,NA,NA,NA
2022-04-23,22,8,NA,NA,NA,NA
2022-04-24,29,7,NA,NA,NA,NA
2022-04-25,51,16,NA,NA,NA,NA
2022-04-26,43,11,NA,NA,NA,NA
2022-04-27,49,20,NA,NA,NA,NA
2022-04-28,36,19,NA,NA,NA,NA
2022-04-29,32,11,NA,NA,NA,NA
2022-04-30,32,10,NA,NA,NA,NA
2022-05-01,30,12,NA,NA,NA,NA
2022-05-02,32,11,NA,NA,NA,NA
2022-05-03,31,18,NA,NA,NA,NA
2022-05-04,43,10,NA,NA,NA,NA
2022-05-05,23,16,NA,NA,NA,NA
2022-05-06,21,11,NA,NA,NA,NA
2022-05-07,31,10,NA,NA,NA,NA
2022-05-08,44,10,NA,NA,NA,NA
2022-05-09,46,8,NA,NA,NA,NA
2022-05-10,36,15,NA,NA,NA,NA
2022-05-11,33,12,NA,NA,NA,NA
2022-05-12,28,10,NA,NA,NA,NA
2022-05-13,21,9,NA,NA,NA,NA
2022-05-14,40,8,NA,NA,NA,NA
2022-05-15,32,11,NA,NA,NA,NA
2022-05-16,21,3,NA,NA,NA,NA
2022-05-17,28,19,NA,NA,NA,NA
2022-05-18,40,11,NA,NA,NA,NA
2022-05-19,37,9,NA,NA,NA,NA
2022-05-20,23,17,NA,NA,NA,NA
2022-05-21,26,8,NA,NA,NA,NA
2022-05-22,33,11,NA,NA,NA,NA
2022-05-23,45,23,NA,NA,NA,NA
2022-05-24,44,13,NA,NA,NA,NA
2022-05-25,35,11,NA,NA,NA,NA
2022-05-26,30,13,NA,NA,NA,NA
2022-05-27,19,12,NA,NA,NA,NA
2022-05-28,31,19,NA,NA,NA,NA
2022-05-29,37,3,NA,NA,NA,NA
2022-05-30,39,13,NA,NA,NA,NA
2022-05-31,39,12,NA,NA,NA,NA
2022-06-01,31,8,NA,NA,NA,NA
2022-06-02,27,11,NA,NA,NA,NA
2022-06-03,21,10,NA,NA,NA,NA
2022-06-04,36,16,NA,NA,NA,NA
2022-06-05,27,9,NA,NA,NA,NA
2022-06-06,34,3,NA,NA,NA,NA
2022-06-07,31,10,NA,NA,NA,NA
2022-06-08,31,7,NA,NA,NA,NA
2022-06-09,36,9,NA,NA,NA,NA
2022-06-10,27,16,NA,NA,NA,NA
2022-06-11,30,5,NA,NA,NA,NA
2022-06-12,26,4,NA,NA,NA,NA
2022-06-13,37,10,NA,NA,NA,NA
2022-06-14,41,14,NA,NA,NA,NA
2022-06-15,31,16,NA,NA,NA,NA
2022-06-16,39,17,NA,NA,NA,NA
2022-06-17,25,6,NA,NA,NA,NA
2022-06-18,24,8,NA,NA,NA,NA
2022-06-19,31,6,NA,NA,NA,NA
2022-06-20,41,13,NA,NA,NA,NA
2022-06-21,21,5,NA,NA,NA,NA
2022-06-22,36,10,NA,NA,NA,NA
2022-06-23,23,4,NA,NA,NA,NA
2022-06-24,21,9,NA,NA,NA,NA
2022-06-25,36,7,NA,NA,NA,NA
2022-06-26,36,14,NA,NA,NA,NA
2022-06-27,41,14,NA,NA,NA,NA
2022-06-28,27,7,NA,NA,NA,NA
2022-06-29,35,10,NA,NA,NA,NA
2022-06-30,32,5,NA,NA,NA,NA
2022-07-01,25,14,NA,NA,NA,NA
2022-07-02,27,11,NA,NA,NA,NA
2022-07-03,24,11,NA,NA,NA,NA
2022-07-04,35,11,NA,NA,NA,NA
2022-07-05,44,5,NA,NA,NA,NA
2022-07-06,38,7,NA,NA,NA,NA
2022-07-07,29,12,NA,NA,NA,NA
2022-07-08,27,20,NA,NA,NA,NA
2022-07-09,41,10,NA,NA,NA,NA
2022-07-10,30,12,NA,NA,NA,NA
2022-07-11,38,16,NA,NA,NA,NA
2022-07-12,36,13,NA,NA,NA,NA
2022-07-13,33,11,NA,NA,NA,NA
2022-07-14,26,9,NA,NA,NA,NA
2022-07-15,38,12,NA,2,NA,NA
2022-07-16,41,12,NA,NA,NA,NA
2022-07-17,17,3,NA,NA,NA,NA
2022-07-18,48,10,NA,NA,NA,NA
2022-07-19,47,17,NA,NA,NA,NA
2022-07-20,27,10,NA,NA,NA,NA
2022-07-21,30,12,NA,NA,NA,NA
2022-07-22,34,6,NA,NA,NA,NA
2022-07-23,23,6,NA,NA,NA,NA
2022-07-24,27,2,NA,NA,NA,NA
2022-07-25,41,7,NA,NA,NA,NA
2022-07-26,33,9,NA,NA,NA,NA
2022-07-27,23,3,NA,NA,NA,NA
2022-07-28,27,3,NA,NA,NA,NA
2022-07-29,32,8,NA,NA,NA,NA
2022-07-30,25,5,NA,NA,NA,NA
2022-07-31,21,10,NA,NA,NA,NA
2022-08-01,44,12,NA,NA,NA,NA
2022-08-02,38,15,NA,NA,NA,NA
2022-08-03,31,8,NA,NA,NA,NA
2022-08-04,31,11,NA,NA,NA,NA
2022-08-05,25,4,NA,NA,NA,NA
2022-08-06,34,9,NA,NA,NA,NA
2022-08-07,27,5,NA,NA,NA,NA
2022-08-08,35,4,NA,NA,NA,NA
2022-08-09,23,11,NA,NA,NA,NA
2022-08-10,32,12,NA,NA,NA,NA
2022-08-11,28,9,NA,NA,NA,NA
2022-08-12,24,7,NA,NA,NA,NA
2022-08-13,17,5,NA,NA,NA,NA
2022-08-14,39,9,NA,NA,NA,NA
2022-08-15,44,21,NA,NA,NA,NA
2022-08-16,25,5,NA,NA,NA,NA
2022-08-17,38,20,NA,NA,NA,NA
2022-08-18,34,4,NA,NA,NA,NA
2022-08-19,36,8,NA,NA,NA,NA
2022-08-20,26,7,NA,NA,NA,NA
2022-08-21,27,7,NA,NA,NA,NA
2022-08-22,47,3,NA,NA,NA,NA
2022-08-23,25,6,NA,NA,NA,NA
2022-08-24,40,18,NA,NA,NA,NA
2022-08-25,28,4,NA,NA,NA,NA
2022-08-26,26,23,NA,NA,NA,NA
2022-08-27,32,1,NA,NA,NA,NA
2022-08-28,23,7,NA,NA,NA,NA
2022-08-29,34,5,NA,NA,NA,NA
2022-08-30,23,2,NA,NA,NA,NA
2022-08-31,37,5,NA,NA,NA,NA
2022-09-01,36,5,NA,NA,NA,NA
2022-09-02,30,9,NA,NA,NA,NA
2022-09-03,24,5,NA,NA,NA,NA
2022-09-04,28,15,NA,NA,NA,NA
2022-09-05,42,2,NA,NA,NA,NA
2022-09-06,29,2,NA,NA,NA,NA
2022-09-07,36,5,NA,NA,NA,NA
2022-09-08,29,6,NA,NA,NA,NA
2022-09-09,19,8,NA,NA,NA,NA
2022-09-10,23,4,NA,NA,NA,NA
2022-09-11,48,1,NA,NA,NA,NA
2022-09-12,36,3,NA,NA,NA,NA
2022-09-13,30,3,NA,NA,NA,NA
2022-09-14,42,6,NA,NA,NA,NA
2022-09-15,22,6,NA,NA,NA,NA
2022-09-16,23,9,NA,NA,NA,NA
2022-09-17,24,7,NA,NA,NA,NA
2022-09-18,28,5,NA,NA,NA,NA
2022-09-19,39,10,NA,NA,NA,NA
2022-09-20,22,2,NA,NA,NA,NA
2022-09-21,21,15,NA,NA,NA,NA
2022-09-22,43,9,NA,NA,NA,NA
2022-09-23,18,6,NA,NA,NA,NA
2022-09-24,38,2,NA,NA,NA,NA
2022-09-25,20,4,NA,NA,NA,NA
2022-09-26,39,3,NA,NA,NA,NA
2022-09-27,19,5,NA,NA,NA,NA
2022-09-28,34,13,NA,1,NA,NA
2022-09-29,36,5,NA,NA,NA,NA
2022-09-30,30,15,NA,NA,NA,NA
2022-10-01,18,4,NA,NA,NA,NA
2022-10-02,42,4,NA,NA,NA,NA
2022-10-03,30,4,NA,NA,NA,NA
2022-10-04,40,4,NA,NA,NA,NA
2022-10-05,35,5,NA,NA,NA,NA
2022-10-06,29,5,NA,NA,NA,NA
2022-10-07,19,4,NA,NA,NA,NA
2022-10-08,35,2,NA,NA,NA,NA
2022-10-09,37,10,NA,NA,NA,NA
2022-10-10,34,1,NA,NA,NA,NA
2022-10-11,64,4,NA,NA,NA,NA
2022-10-12,25,2,NA,NA,NA,NA
2022-10-13,24,10,NA,NA,NA,NA
2022-10-14,31,3,NA,NA,NA,NA
2022-10-15,43,4,NA,NA,NA,NA
2022-10-16,29,4,NA,NA,NA,NA
2022-10-17,36,2,NA,NA,NA,NA
2022-10-18,32,4,NA,NA,NA,NA
2022-10-19,31,13,NA,NA,NA,NA
2022-10-20,29,8,NA,NA,NA,NA
2022-10-21,27,14,NA,NA,NA,NA
2022-10-22,38,10,NA,NA,NA,NA
2022-10-23,30,2,NA,NA,NA,NA
2022-10-24,27,8,NA,NA,NA,NA
2022-10-25,28,3,NA,NA,NA,NA
2022-10-26,31,3,NA,NA,NA,NA
2022-10-27,28,2,NA,NA,NA,NA
2022-10-28,21,3,NA,NA,NA,NA
2022-10-29,24,3,NA,NA,NA,NA
2022-10-30,34,3,NA,NA,NA,NA
2022-10-31,34,2,NA,NA,NA,NA
2022-11-01,33,1,NA,NA,NA,NA
2022-11-02,30,NA,NA,NA,NA,NA
2022-11-03,29,3,NA,NA,NA,NA
2022-11-04,26,8,NA,NA,NA,NA
2022-11-05,27,3,NA,NA,NA,NA
2022-11-06,26,NA,NA,NA,NA,NA
2022-11-07,52,6,NA,NA,NA,NA
2022-11-08,29,6,NA,NA,NA,NA
2022-11-09,29,5,NA,NA,NA,NA
2022-11-10,22,3,NA,NA,NA,NA
2022-11-11,31,12,NA,NA,NA,NA
2022-11-12,28,1,NA,NA,NA,NA
2022-11-13,21,3,NA,NA,NA,NA
2022-11-14,26,2,NA,NA,NA,NA
2022-11-15,29,NA,NA,NA,NA,NA
2022-11-16,17,1,NA,NA,NA,NA
2022-11-17,28,1,NA,NA,NA,NA
2022-11-18,30,1,NA,NA,NA,NA
2022-11-19,13,NA,NA,NA,NA,NA
2022-11-20,32,NA,NA,NA,NA,NA
2022-11-21,31,2,NA,NA,NA,NA
2022-11-22,32,2,NA,NA,NA,NA
2022-11-23,32,1,NA,NA,NA,NA
2022-11-24,38,1,NA,NA,NA,NA
2022-11-25,35,1,NA,NA,NA,NA
2022-11-26,28,4,NA,NA,NA,NA
2022-11-27,38,3,NA,NA,NA,NA
2022-11-28,28,NA,NA,NA,NA,NA
2022-11-29,28,2,NA,NA,NA,NA
2022-11-30,29,1,NA,NA,NA,NA
2022-12-01,34,1,NA,NA,NA,NA
2022-12-02,37,NA,NA,NA,NA,NA
2022-12-03,25,NA,NA,NA,NA,NA
2022-12-04,41,2,NA,NA,NA,NA
2022-12-05,25,NA,NA,NA,NA,NA
2022-12-06,31,1,NA,NA,NA,NA
2022-12-07,31,1,NA,NA,NA,NA
2022-12-08,29,5,NA,NA,NA,NA
2022-12-09,28,2,NA,NA,NA,NA
2022-12-10,29,NA,NA,NA,NA,NA
2022-12-11,25,NA,NA,NA,NA,NA
2022-12-12,40,NA,NA,NA,NA,NA
2022-12-13,33,NA,NA,NA,NA,NA
2022-12-14,27,NA,NA,NA,NA,NA
2022-12-15,24,NA,NA,NA,NA,NA
2022-12-16,22,NA,NA,NA,NA,NA
2022-12-17,14,NA,NA,NA,NA,NA
2022-12-18,23,NA,NA,NA,NA,NA
2022-12-19,27,NA,NA,NA,NA,NA
2022-12-20,27,NA,NA,NA,NA,NA
2022-12-21,24,1,NA,NA,NA,NA
2022-12-22,19,1,NA,NA,NA,NA
2022-12-23,14,NA,NA,NA,NA,NA
2022-12-24,22,NA,NA,NA,NA,NA
2022-12-25,22,NA,NA,NA,NA,NA
2022-12-26,44,1,NA,NA,NA,NA
2022-12-27,26,NA,NA,NA,NA,NA
2022-12-28,24,NA,NA,NA,NA,NA
2022-12-29,32,NA,NA,NA,NA,NA
2022-12-30,10,NA,NA,NA,NA,NA
2022-12-31,16,NA,NA,NA,NA,NA
